first_name,address,city,postal,phone,email,web,salary,birthdate,age
Aleshia,14 Taylor St,St. Stephens Ward,CT2 7PP,01835-703597,atomkiewicz@hotmail.com,http://www.alandrosenburgcpapc.co.uk,46391,2000-12-23 15:09:18.117475200,21
Evan,5 Binney St,Abbey Ward,HP11 2AX,01937-864715,evan.zigomalas@gmail.com,http://www.capgeminiamerica.co.uk,30798,2004-04-22 04:09:51.325948800,17
France,8 Moor Place,East Southbourne and Tuckton W,BH6 3BE,01347-368222,france.andrade@hotmail.com,http://www.elliottjohnwesq.co.uk,32384,2002-01-21 18:56:29.090025600,19
Ulysses,505 Exeter Rd,Hawerby cum Beesby,DN36 5RP,01912-771311,ulysses@hotmail.com,http://www.mcmahanbenl.co.uk,39298,2000-11-24 21:59:48.621840000,21
Tyisha,5396 Forth Street,Greets Green and Lyng Ward,B70 9DT,01547-429341,tyisha.veness@hotmail.com,http://www.champagneroom.co.uk,41630,1998-06-23 05:19:37.687008000,23
Eric,9472 Lind St,Desborough,NN14 2GH,01969-886290,erampy@rampy.co.uk,http://www.thompsonmichaelcesq.co.uk,46449,2002-12-02 21:39:26.501616000,19
Marg,7457 Cowl St #70,Bargate Ward,SO14 3TY,01865-582516,marg@hotmail.com,http://www.wranglehillautoauctslvg.co.uk,43753,1998-10-03 00:17:31.097904000,23
Laquita,20 Gloucester Pl #96,Chirton Ward,NE29 7AD,01746-394243,laquita@yahoo.com,http://www.incommunicationsinc.co.uk,44678,2007-11-03 07:02:42.176889600,14
Lura,929 Augustine St,Staple Hill Ward,BS16 4LL,01907-538509,lura@hotmail.com,http://www.bizerbausainc.co.uk,48138,2009-04-11 12:28:59.078294400,12
Yuette,45 Bradfield St #166,Parwich,DE6 1QN,01903-649460,yuette.klapec@klapec.co.uk,http://www.maxvideo.co.uk,34347,1997-09-02 10:10:10.837142400,24
Fernanda,620 Northampton St,Wilmington,DA2 7PP,01630-202053,fernanda@writer.co.uk,http://www.krassociatesinc.co.uk,47750,2005-11-02 08:14:06.279244800,16
Charlesetta,5 Hygeia St,Loundsley Green Ward,S40 4LY,01276-816806,charlesetta_erm@gmail.com,http://www.cainjohnmesq.co.uk,41117,2000-07-31 02:33:02.912976000,21
Corrinne,2150 Morley St,Dee Ward,DG8 7DE,01625-932209,corrinne_jaret@gmail.com,http://www.soundvisioncorp.co.uk,48211,2001-05-13 03:12:19.873612800,20
Niesha,24 Bolton St,"Broxburn, Uphall and Winchburg",EH52 5TL,01874-856950,niesha.bruch@yahoo.com,http://www.rowleyhansellpetetin.co.uk,30545,2008-07-07 09:49:01.001222400,13
Rueben,4 Forrest St,Weston-Super-Mare,BS23 3HG,01976-755279,rueben_gastellum@gastellum.co.uk,http://www.industrialengineeringassocs.co.uk,44360,1991-06-03 23:44:47.719161600,30
Michell,89 Noon St,Carbrooke,IP25 6JQ,01967-580851,mthrossell@throssell.co.uk,http://www.weissspirtguyer.co.uk,44509,1991-09-29 13:35:59.736681599,30
Edgar,99 Guthrie St,New Milton,BH25 5DF,01326-532337,edgar.kanne@yahoo.com,http://www.crowankennethwesq.co.uk,34946,1990-05-28 17:10:28.850793600,31
Dewitt,7 Richmond St,Parkham,EX39 5DJ,01253-528327,dewitt.julio@hotmail.com,http://www.rittenhousemotorco.co.uk,41353,2006-08-28 02:53:39.111907200,15
Charisse,9165 Primrose St,Darnall Ward,S4 7WN,01719-831436,charisse_spinello@spinello.co.uk,http://www.modernplasticscorp.co.uk,36858,2005-07-26 05:07:02.418816000,16
Mee,9 Pengwern St,Marldon,TQ3 1SA,01578-287816,mee.lapinski@yahoo.com,http://www.gallowayelectriccoinc.co.uk,46060,2007-05-28 07:24:36.439862400,14
Peter,4410 Tarlton St,Prestatyn Community,LL19 9EG,01842-767201,peter_gutierres@yahoo.com,http://www.niagaracustombuiltmfgco.co.uk,49998,2009-07-29 18:51:16.561699200,12
Octavio,6949 Bourne St,Lye and Stourbridge North Ward,DY5 2QP,01552-709248,octavio.salvadore@yahoo.com,http://www.practicalperiphrals.co.uk,43371,2005-12-26 15:39:33.422428800,16
Martha,148 Rembrandt St,Warlingham,CR6 9SW,01677-684257,mteplica@teplica.co.uk,http://www.curtinpatriciamesq.co.uk,48575,1999-03-26 13:38:14.261567999,22
Tamesha,2200 Nelson St #58,Newport,PO30 5AL,01217-342071,tveigel@veigel.co.uk,http://www.wilhelmjamesejr.co.uk,45275,2005-08-12 13:06:28.392393600,16
Tess,61 Rossett St,Chichester,PO19 1RH,01473-229124,tess_sitra@hotmail.com,http://www.smartsigns.co.uk,32436,1992-05-14 02:42:39.346387200,29
Leonard,41 Canning St,Steornabhagh a Deas Ward,HS1 2PZ,01230-623547,lkufner@kufner.co.uk,http://www.arcticstardistributinginc.co.uk,42427,2002-10-20 06:18:41.629161600,19
Svetlana,8289 Cadogan St,South Ward,DN33 1AU,01781-827317,svetlana_tauras@tauras.co.uk,http://www.lensbowergregorylesq.co.uk,43793,1992-11-13 08:08:19.778784000,29
Pok,211 Hobart St,Newquay,TR7 1LS,01866-248660,pok@yahoo.com,http://www.portalmetalproducts.co.uk,38232,2008-11-23 18:01:35.728089600,13
Augustine,114 Falkland St #8845,Brimpton,RG7 4RF,01541-802635,augustine.growcock@growcock.co.uk,http://www.lynemacliffcpa.co.uk,37061,2000-06-09 14:58:19.664198400,21
Karma,1 Birkett St,Shard End Ward,B33 0NH,01857-864722,kquarto@gmail.com,http://www.jcsmachinery.co.uk,33314,1998-04-18 12:28:59.540534400,23
Reed,5147 Blackstone St,Letchworth South West Ward,SG6 3LE,01243-678286,reed_weisinger@yahoo.com,http://www.berickjosephgesq.co.uk,31587,1995-04-17 20:14:21.295910400,26
German,7 Shenstone St,Longhill Ward,HU8 9PZ,01400-269033,german@hotmail.com,http://www.jacksonheitmachinecoinc.co.uk,33463,2005-06-27 13:13:55.344518400,16
Milly,129 Alexander Pope St,Franche Ward,DY11 9BW,01702-725589,milly@gmail.com,http://www.bridgewayplanforhealth.co.uk,46798,1999-02-15 15:13:25.867833600,22
Luis,2 Birchfield Rd,Whittington,SY11 4PH,01462-648669,luis@hotmail.com,http://www.wainstforplcystudies.co.uk,37713,2001-05-15 23:28:56.389497600,20
Ciara,7523 Kempton Rd,Cockerton West Ward,DL3 0JF,01235-647932,ciara_cobbley@hotmail.com,http://www.wmglfm.co.uk,42470,1990-05-18 06:40:43.563763200,31
Alethea,6305 Elstow St,Castle Ward,BN12 6PR,01662-114247,alethea@hotmail.com,http://www.hughletthenrytjr.co.uk,33334,2002-05-10 10:40:42.957350400,19
Margurite,218 Greenbank Drive,Devizes,SN10 3DU,01407-866759,mloperfido@gmail.com,http://www.penroseplacepharmacyinc.co.uk,39094,2002-03-30 23:18:44.658144000,19
Vernice,8921 Forge St,Colnbrook with Poyle,SL3 0PY,01822-563044,vernice@yahoo.com,http://www.novakalanpaulesq.co.uk,36212,2002-05-05 07:40:29.092828799,19
Vicente,3060 St Ambrose Grove #261,Aldridge Central and South War,WS9 8UR,01327-770774,vicente_rawicki@hotmail.com,http://www.bstoolandcuttersvcinc.co.uk,47501,2008-11-17 00:33:47.084659200,13
Craig,8388 Bessemer St #5,East Putney Ward,SW15 2RP,01483-418969,craig@hotmail.com,http://www.berryjohnmesq.co.uk,39920,2003-08-22 09:05:54.693600000,18
Jenise,87 Pownall Sq,Sawston,CB22 3BB,01709-854691,jenise.dulle@hotmail.com,http://www.aldenmichaelhesq.co.uk,43198,1997-03-11 13:33:11.945548800,24
Marylin,39 Wye St,Wakefield North Ward,WF1 1DR,01609-882184,marylin_cornelison@yahoo.com,http://www.ernesteheuercompanypc.co.uk,31052,1998-09-28 22:55:51.265171200,23
Marget,2732 Bostock St #1,St. Enoder,TR9 6NJ,01693-310794,mgunst@yahoo.com,http://www.frankelstephen.co.uk,43419,2003-12-15 21:26:39.907248000,18
Annett,5562 Fairfield St #847,Ryde,PO33 1HH,01891-702579,abunselmeyer@hotmail.com,http://www.guynesdesigninc.co.uk,33555,1991-03-17 00:10:30.350467200,30
Kip,37 Meadow St,Laindon Park Ward,SS15 6LE,01850-347846,kip.turziano@yahoo.com,http://www.generalappraisalco.co.uk,44053,2003-05-04 09:32:34.631174400,18
Melina,3 Nevison St,Lymington and Pennington,SO41 1DL,01420-307327,melina@gmail.com,http://www.sheratoninnoceanfront.co.uk,44568,2003-06-01 16:19:35.797152000,18
Tina,5662 William Moult St,Aylesbury,HP21 8PP,01567-296442,tclapham@gmail.com,http://www.coopermyersyco.co.uk,45972,1994-03-18 01:19:11.240112000,27
Luisa,3 North View #35,Burmantofts and Richmond Hill ,LS9 7JH,01607-269930,ldevereux@gmail.com,http://www.cashchecks.co.uk,48842,1992-07-30 22:27:09.849542400,29
Pedro,135 Opie St,Howard Town Ward,SK13 8BB,01386-981141,paschoff@yahoo.com,http://www.charlottechamber.co.uk,38356,1996-04-23 12:28:07.552012800,25
Carrol,1 Askew St,Farnham,GU9 9AS,01260-641258,carrol_kunimitsu@yahoo.com,http://www.kisckissfm.co.uk,48194,1997-04-11 06:30:05.112604800,24
Alba,4 Burnall St,Beeston West Ward,NG9 1AE,01543-198690,alba@gmail.com,http://www.schwartzbardgaillesq.co.uk,49889,2001-05-28 20:34:57.043747200,20
Domonique,95 Denton St,Wollaton West Ward,NG8 2NB,01355-500797,domonique@hotmail.com,http://www.marketinghorizonsinc.co.uk,46999,1998-10-10 10:08:37.595558400,23
Rory,5 Chadwick St #7,Llangeler Community,SA44 5HF,01252-621329,rory_neufville@neufville.co.uk,http://www.bradybradjesq.co.uk,41118,2009-10-09 01:25:20.138390400,12
Dustin,67 Micawber St,Brockley Ward,SE14 6RQ,01712-135466,dklingaman@gmail.com,http://www.welderssupply.co.uk,44711,1992-01-16 12:56:43.064880000,29
Lyndia,43 Williamson St #7995,Meads Ward,BN20 7HB,01469-300335,lyndia_moonshower@moonshower.co.uk,http://www.bomarkoinc.co.uk,45365,1994-03-07 01:17:09.314505600,27
Jules,5 Howe St,"Broxburn, Uphall and Winchburg",EH52 6NF,01428-343825,jules@yahoo.com,http://www.benitezbrigidaesq.co.uk,32777,1993-03-24 12:39:21.974515200,28
Dong,7 Cheapside #9,St. Ive,PL14 5PA,01770-129032,dkopczynski@kopczynski.co.uk,http://www.kennedyscalesinc.co.uk,45433,2003-01-24 14:37:34.393440000,18
Justine,85 Bridgewater St,Shard End Ward,B34 7BP,01689-253476,justine_salta@yahoo.com,http://www.barajasbustamantearchl.co.uk,31382,1995-01-25 13:09:45.920678400,26
Chantay,763 Parkfield Rd,Norton Canes,WS11 9RH,01823-383806,ckamens@hotmail.com,http://www.brewsterwallcoveringsco.co.uk,39370,1999-04-30 20:47:46.160563200,22
Tequila,662 Grove Park,Bulwell Ward,NG6 8RG,01835-634521,tequila.chisum@chisum.co.uk,http://www.bohswelldrillinginc.co.uk,48893,1994-11-21 18:33:39.614169599,27
Maybelle,5410 Lawton St,Treorchy Community,CF42 6PL,01383-647035,mconsolazio@yahoo.com,http://www.gavinleewesq.co.uk,34890,1993-03-07 10:21:45.629049600,28
Margarett,3 August Rd,Maybury and Sheerwater Ward,GU21 5QL,01670-813697,margarett@gmail.com,http://www.reidcarletonbesq.co.uk,40914,1992-03-17 09:37:07.508294400,29
Janessa,476 Starkie St,Westgate Ward,GL1 1QW,01472-324699,jnoonon@yahoo.com,http://www.canterburychristopherc.co.uk,45362,2003-02-17 03:27:19.926691200,18
Sol,6448 Tillard St,Conisbrough and Denaby Ward,DN12 4JF,01412-528394,sol@gmail.com,http://www.omnimandalay.co.uk,39875,1992-10-06 13:33:05.116579200,29
Louann,3055 Creswick St,Newbold and Brownsover Ward,CV21 1LN,01670-234959,louann@gmail.com,http://www.lbasavingsbank.co.uk,36120,1993-12-07 05:32:15.455097600,28
Lindsay,7 Jolliffe St,Middlewich,CW10 9GB,01947-566661,lindsay_yadao@yadao.co.uk,http://www.lutzchristophertesq.co.uk,48303,1997-05-17 21:44:46.767753600,24
Malika,1175 Greig St,St. Marys Ward,M25 0ZN,01532-497454,malika@gmail.com,http://www.associationofartmuseumdir.co.uk,47668,2006-06-04 04:14:12.820041600,15
Stefany,636 Portland Place,Gresham Ward,TS1 4RG,01743-977277,stefany@hotmail.com,http://www.llsalescoinc.co.uk,30892,1991-12-11 10:07:33.969561600,30
Abraham,41 Benedict St,Aldborough Ward,IG2 7QG,01599-245408,acratch@gmail.com,http://www.cavutojohna.co.uk,34783,2006-10-06 00:36:42.697670400,15
Giuseppe,62 Margaret St,Royal Hospital Ward,SW3 4ND,01345-400452,giuseppe@yahoo.com,http://www.pacificcoastpackaging.co.uk,37815,1991-12-04 02:16:45.241507200,30
Kiera,5152 Sophia St,Woodstock Ward,BS15 8DS,01655-519837,kbassil@bassil.co.uk,http://www.stormeyeinstitute.co.uk,44477,2009-07-14 00:18:30.359923200,12
Wendell,1 Back Canning St,Dunblane and Bridge of Allan W,FK9 4LD,01837-530939,wendell_rubano@hotmail.com,http://www.automationengrgmfginc.co.uk,33757,1999-05-17 23:10:34.686163200,22
Stevie,9 Gradwell St,Kempshott Ward,RG22 5HA,01262-808399,stevie_stifflemire@stifflemire.co.uk,http://www.packagingcorpofamerica.co.uk,36474,2009-07-16 05:11:46.491561600,12
Yun,9205 Upper Hill St,City and Hunslet Ward,LS1 5QE,01350-332706,yun_paletta@paletta.co.uk,http://www.goedouglaseesq.co.uk,39829,2002-02-06 00:01:58.131004800,19
Brittani,9 Horatio St,Ruckinge,TN26 2PN,01686-306597,bthurm@yahoo.com,http://www.burgesssteelproductscorp.co.uk,43010,2004-10-15 01:25:59.037657600,17
Billy,61 Miriam St,Abbey Road Ward,NW8 9BD,01537-356648,billy.venus@yahoo.com,http://www.tiptonhurst.co.uk,44356,1990-10-14 07:20:39.282144000,31
Brynn,67 Pulford St,Prittlewell Ward,SS2 6NL,01388-416867,brynn@yahoo.com,http://www.aohardeesoninc.co.uk,44929,1995-08-29 04:30:14.565571200,26
Elroy,821 Pembroke Place,Kirkby Stephen,CA17 4RZ,01589-654152,epiehler@piehler.co.uk,http://www.jonsongeodesq.co.uk,37601,1992-05-28 03:44:44.985667199,29
Anisha,3 Alder St,Eaton Park Ward,ST2 9AW,01780-704167,ashulick@yahoo.com,http://www.daleyoderclulifehlthbus.co.uk,34114,1995-12-04 14:24:24.459580800,26
Bettina,80 Morecambe St,Bishop Auckland,DL14 6NG,01355-192668,bettina.kham@kham.co.uk,http://www.councilofcmntybloodctrs.co.uk,31938,1992-05-17 10:11:35.348352000,29
Velda,7866 Renshaw St #283,Falmouth,TR11 4QQ,01823-526645,velda_mancilla@mancilla.co.uk,http://www.tremontmichaelaesq.co.uk,42459,1996-05-12 04:26:33.387532800,25
Marta,658 Lake St,Malmesbury,SN16 0XZ,01777-469402,marta.brace@brace.co.uk,http://www.trautmaneileenesq.co.uk,46123,1998-04-15 14:31:49.836633600,23
Juan,5382 Redfern St,West End Ward,W1J 0QH,01961-642757,juan_vanwyhe@gmail.com,http://www.officeserviceco.co.uk,41448,1991-04-14 15:52:42.959193600,30
Lelia,45 Bidder St #38,Town Ward,EN1 3HT,01367-136951,lelia.filion@filion.co.uk,http://www.alphabetlandpreschoolcenter.co.uk,37808,2003-11-08 04:49:52.675708800,18
Una,6766 Britton St #379,Crompton Ward,BL1 3EX,01912-749219,ufrankel@hotmail.com,http://www.shamrockfoodservice.co.uk,33341,2001-05-02 14:09:55.391011200,20
Eva,7 Lear Rd,Stroud,GU32 3PQ,01779-720349,eva.joulwan@gmail.com,http://www.centralhrdwreleccorp.co.uk,43781,1995-04-23 22:27:17.637465600,26
Mammie,2577 Toxteth St #5,Overton Ward,BB6 7UN,01527-579687,mammie_dormanen@hotmail.com,http://www.mattparrottsonsco.co.uk,37790,2000-06-19 20:24:24.073459200,21
Jeannetta,761 Cockerell St #1,Midway Ward,DE11 0HE,01927-790069,jeannetta_coolidge@gmail.com,http://www.tinytotsoriginalsdiv.co.uk,30866,1991-11-18 07:54:17.706326400,30
Elbert,9 Cypress St,Washington East Ward,NE38 9AQ,01753-784273,edrawe@drawe.co.uk,http://www.lovitchalanf.co.uk,34810,2001-07-09 20:45:44.340451200,20
Lenny,6 Romilly St,Walkergate Ward,NE6 4YH,01312-233253,lenny.gazzola@yahoo.com,http://www.wiseindustries.co.uk,35954,2008-08-03 10:30:44.884108800,13
Mira,51 St Anne St #12,Stratfield Mortimer,RG7 3RA,01241-273991,mira.alpheaus@yahoo.com,http://www.eastcountyprocess.co.uk,44690,1996-05-16 11:09:15.835017600,25
Cathern,823 Idris St,Selston,NG16 5LG,01898-134749,cathern.ungar@ungar.co.uk,http://www.agopgeeenterprisesinc.co.uk,44456,2003-05-09 02:24:20.391696000,18
Malcom,8764 Nickleby St #877,Govan Ward,G51 1BQ,01478-110943,malcom.fleckles@gmail.com,http://www.lwinikassociatesinc.co.uk,48787,1992-08-20 21:57:51.787526400,29
Monroe,5344 Bengel St #5,Millwall Ward,E14 5DR,01402-733903,mdamato@damato.co.uk,http://www.rosatimarcdesq.co.uk,30390,2004-04-30 11:40:38.204256000,17
Leota,8880 Great Howard St #7750,Sefton,L29 7WD,01358-446391,lfletchen@gmail.com,http://www.rustevadercorp.co.uk,31642,1995-10-16 09:37:19.062220800,26
Berry,9 Oakleigh,Lancing,BN15 9BN,01448-211489,berry@gmail.com,http://www.budgetannex.co.uk,48148,1993-08-31 09:30:22.247193600,28
Meghan,83 Denbigh St Bootle,St. Gluvias,TR3 7AZ,01462-474800,meghan@riherd.co.uk,http://www.kiqopuregoldoldiesfm.co.uk,39875,2001-09-25 01:31:26.548780800,20
Mike,30 Aughton St,Hilton,AB24 2RR,01240-600327,mike_torner@torner.co.uk,http://www.segallmajesticinc.co.uk,39305,1990-05-27 21:44:15.283334400,31
Elsa,260 Saxon St,Brooklands Ward,M33 4BP,01537-525550,elsa_delisle@gmail.com,http://www.taosvalleyresortassn.co.uk,49241,2006-08-01 05:39:37.739116800,15
Linwood,3 Pyramid St,Eccleston Ward,WA10 3BW,01546-942059,linwood.rosenlof@yahoo.com,http://www.exhibitcraftsinc.co.uk,35487,1990-02-04 07:19:24.879043200,31
Latosha,37 Langham St #948,St. Georges Hill Ward,KT13 0AZ,01704-508066,latosha@yahoo.com,http://www.laitinenstephenbesq.co.uk,35796,2003-07-24 03:03:46.180771200,18
Alexia,94 Villars St,Launcells,EX23 9LG,01560-328739,alexia.meenan@meenan.co.uk,http://www.herrfoodsinc.co.uk,49235,1995-05-27 16:16:40.985068799,26
Graham,73 Hawkstone St,Renfrew South & Gallowhill War,G52 4YG,01860-191930,gstanwick@gmail.com,http://www.tiburonpenchmbrcommrceinc.co.uk,30883,2004-09-15 07:51:38.214259200,17
Elinore,123 Sussex St,Astley Bridge Ward,BL1 6PY,01457-837447,elinore.fulda@fulda.co.uk,http://www.agribusinessinsuranceagency.co.uk,42931,2009-03-31 17:59:17.718259200,12
Lisbeth,484 Barry St,Shiney Row Ward,DH4 7RG,01931-620849,lcreecy@gmail.com,http://www.gerstenfeldgeraldfesq.co.uk,40567,1994-12-23 09:22:16.310524800,27
Eloisa,7033 Micawber St,Bintree,NR20 5NQ,01337-695353,eloisa.faurote@hotmail.com,http://www.mcdonaldmichaeljesq.co.uk,46390,2001-07-11 09:43:53.926204800,20
Shawana,33 Vipond St,Woodhall Farm Ward,HP2 7JP,01413-348876,shawana@yahoo.com,http://www.bestwesternriverviewinn.co.uk,40741,2001-11-04 11:00:01.428940800,20
Alyssa,85 Hero St,Stanhope,DL13 2TZ,01632-887825,alyssa_ansbro@gmail.com,http://www.bergmichaeldesq.co.uk,48504,2001-06-12 20:56:17.408371200,20
Kyoko,77 Reading St #8,North Tawton,EX20 2TR,01235-173362,kyoko_mcmillian@gmail.com,http://www.natureconservancy.co.uk,40840,1994-06-18 20:01:32.857420800,27
Terry,274 Altcar Ave,Catterick,DL10 7NU,01555-550015,tgauthier@yahoo.com,http://www.walkersusansesq.co.uk,49023,2009-01-21 18:49:21.631555200,12
Sena,38 Avondale Rd #79,Kilmersdon,BA3 5SJ,01756-678490,sena.langenbach@hotmail.com,http://www.alternativecollectionsvcinc.co.uk,34463,1998-12-11 16:45:08.597952000,23
Cristen,4679 Curzon St,Central Ward,BB5 0SJ,01354-864473,cnesset@nesset.co.uk,http://www.johnsonmattheweesq.co.uk,34571,2006-12-06 20:40:56.156793600,15
Lashawn,13 Nelson Rd,Filwood Ward,BS4 1HT,01676-780022,lashawn.ker@gmail.com,http://www.thornsjodaleoesq.co.uk,39844,2003-12-29 09:29:38.584608000,18
Wade,2546 Hunter St,Central Buchan Ward,AB53 6YD,01712-978062,wade@hotmail.com,http://www.manhattansupplycodeerpk.co.uk,41649,1995-12-14 01:47:04.958707200,26
Whitney,77 Mason St #650,Smallbridge and Firgrove Ward,OL16 3AW,01224-605237,whitney@gmail.com,http://www.cliffordstandifermcdowell.co.uk,30614,2006-04-12 14:33:53.632454400,15
Deja,94 Wakefield St,Lavenham,CO10 9PU,01378-234592,deja.conatser@hotmail.com,http://www.universalcaseco.co.uk,31942,1997-12-06 20:54:09.443059200,24
Earnestine,529 Stalmine Rd #3680,Saffron Walden,CB11 4DJ,01807-346103,earnestine_casper@hotmail.com,http://www.aojmfgcorp.co.uk,39884,2007-08-17 08:09:32.379321600,14
Frankie,52 Morningside Rd #1,Cilybebyll Community,SA8 3HE,01295-678319,fmarruffo@gmail.com,http://www.paralegalpersonnel.co.uk,30416,2001-08-17 18:42:38.086099200,20
Paola,94 Enid St,Birchington,CT7 9BG,01333-642646,pdease@gmail.com,http://www.sunderlandpublishingco.co.uk,35021,2007-08-21 23:00:19.040716800,14
Rodrigo,661 Great Crosshall St,Forth Ward,EH5 2LR,01936-611490,rodrigo@hotmail.com,http://www.godfroywilliamesq.co.uk,41615,2003-11-08 15:15:32.870131200,18
Luther,227 Albert Terrace,Belvedere Ward,DA17 6EF,01536-639256,luther@gmail.com,http://www.crossroadstravelserviceinc.co.uk,35211,2004-07-04 16:59:11.186476800,17
Casey,464 Back Nile St #618,Acton Central Ward,W3 6QJ,01728-100333,casey.dondero@hotmail.com,http://www.sarraillynchhall.co.uk,37379,2000-01-11 16:13:20.728358400,21
Ressie,42 Eastwood St,Walton Ward,PE4 6HB,01996-854517,ressie_bontemps@bontemps.co.uk,http://www.typesetters.co.uk,41140,2009-02-15 03:31:43.848883199,12
Sean,2877 Grain St,Caversham Ward,RG4 5DE,01773-139510,sean.schurman@schurman.co.uk,http://www.cooperelectricsupplyco.co.uk,45978,2002-11-18 23:49:02.977420800,19
Celestina,13 Stockdale St #779,Abingdon on Thames,OX14 5QH,01763-475078,cpince@pince.co.uk,http://www.mcallistermurphypc.co.uk,38309,1998-06-24 16:26:22.683782400,23
Maira,9 Cropper St,Northgate Ward,RH10 1YJ,01582-839217,maira.karas@yahoo.com,http://www.blantonmaryrattorney.co.uk,31928,2002-02-17 07:24:42.257001600,19
Beth,3 Gaskell St,Tynemouth Ward,NE30 2NB,01210-926114,bbarbone@barbone.co.uk,http://www.upperdeckco.co.uk,45384,1990-05-21 05:24:43.791667200,31
Wei,5221 Royston St,Eccleshall,ST21 6GA,01912-146880,wei_nobel@hotmail.com,http://www.victorycoating.co.uk,36466,1996-01-13 07:20:04.757913600,25
Melissia,83 St Johns Lane #43,Linlithgow Ward,EH49 7LS,01515-360513,mslotemaker@gmail.com,http://www.twiningnemiasteflik.co.uk,43541,2003-03-17 05:28:07.529260800,18
Letha,603 Pall Mall,Layton Ward,FY3 8ND,01694-424205,letha_akey@akey.co.uk,http://www.jeanettesdraperyupholstery.co.uk,30976,1995-10-21 07:22:04.651392000,26
Isaac,76 Dawber St #6,Blackheath Westcombe Ward,SE3 7JY,01939-738818,isaac.semrad@semrad.co.uk,http://www.prughpamelajcpa.co.uk,45264,2002-05-13 05:17:50.576582400,19
Kristine,3380 Alexander St,Moulsham and Central Ward,CM1 9QQ,01710-435506,kristine.klipfel@yahoo.com,http://www.neeleygregorywesq.co.uk,45415,1998-07-30 14:01:08.755104000,23
Odette,216 Lissant St #8,Great Dunmow,CM6 1DQ,01712-248851,odette_moussette@gmail.com,http://www.villagebusinesscenter.co.uk,35282,1992-09-16 18:33:51.541257600,29
Hobert,92 Phythian St #614,Gweek,TR11 5RR,01245-353227,hobert@gmail.com,http://www.carlinangelagesq.co.uk,48299,1995-12-20 06:00:58.184784000,26
Isadora,792 Queens Rd,Stretford Ward,M32 8LR,01526-145485,isadora.mchughes@mchughes.co.uk,http://www.fanshop.co.uk,38166,2001-05-27 03:55:38.287171200,20
Emily,5196 York St,Orsett Ward,SS17 8NS,01416-913482,emily.pogorelc@yahoo.com,http://www.mccartneyprintingservices.co.uk,32308,2001-10-26 21:59:36.413865600,20
Desire,428 Kearsley St,Hatton,CV35 7UA,01819-701096,desire@gmail.com,http://www.greatercincschlemplcrdtun.co.uk,34453,2001-06-28 00:29:11.163408000,20
Rosalind,8 Chestnut St,Barrowford,BB9 6EW,01918-999052,rosalind.stamps@stamps.co.uk,http://www.haarallenf.co.uk,44953,2003-01-25 06:50:40.405286400,18
Vernell,998 Roe St #6,Bellingham,NE48 2BX,01954-363885,vernell@hotmail.com,http://www.harmons.co.uk,40293,2003-01-17 06:23:44.790604800,18
Micheline,3 Copenhagen Rd,George St,AB25 3UZ,01857-518738,micheline.mathieson@yahoo.com,http://www.mailboxesetc.co.uk,40569,1998-08-18 22:38:02.913878400,23
Nathan,293 Vivian St,South Jesmond Ward,NE2 1EY,01555-702650,nathan.outhouse@gmail.com,http://www.grtamercnfedsvngslnassn.co.uk,39657,2007-12-08 04:03:58.690483200,14
Allene,8 Barlow St #6,Barlow,S18 7TH,01731-825958,allene.burau@hotmail.com,http://www.alliedplastics.co.uk,32567,1997-05-09 09:46:06.750047999,24
Julie,5 Shakspeare St #66,St. Johns Ward,B61 8HD,01225-180983,julie@gmail.com,http://www.newtonclerk.co.uk,41464,1998-09-20 10:17:58.040822400,23
Francisca,7 Carolina St,Bodmin,PL31 1QF,01345-878334,fshuhi@shuhi.co.uk,http://www.thompsonchesneymd.co.uk,49579,2007-11-04 09:24:31.542681600,14
Marisha,52 Trowbridge St,Knightsbridge and Belgravia Wa,SW1X 9HB,01257-461104,marisha.wilcoxon@gmail.com,http://www.youngdoorcompany.co.uk,39484,2006-02-16 01:16:43.735094400,15
Telma,25 Village St,Elgin City South Ward,IV30 1SB,01500-649863,telma@maraia.co.uk,http://www.reliableyardservice.co.uk,43757,2004-01-30 14:38:23.252294400,17
Luke,4 Peach St #5112,Halstead,TN14 7EF,01375-820236,luke.crete@crete.co.uk,http://www.mdwrailway.co.uk,32534,1992-01-03 06:10:59.984025600,29
Hubert,3614 Old Hall St #604,Fawley,SO45 2PT,01408-965643,hubert.mias@gmail.com,http://www.chuckmasterco.co.uk,47018,2008-05-23 17:45:33.928041600,13
Janella,3768 Hey Green Rd,Hartshill,CV10 0TH,01746-505364,jaltobell@hotmail.com,http://www.shannonpaulvesq.co.uk,36831,2004-04-15 05:55:35.141318400,17
Angelo,97 Newlands St,Kensington and Fairfield Ward,L6 9DU,01544-247601,angelo.lavista@gmail.com,http://www.computemp.co.uk,40605,2009-12-24 13:49:46.270704000,12
Tran,6226 Maitland St,West Bromwich Central Ward,B70 6DR,01609-235350,tran.mandiola@hotmail.com,http://www.nrocklandeduclfedcrdtun.co.uk,49923,1992-12-27 20:51:48.714998400,29
Reynalda,891 Crocus St,Rowley Ward,B65 8EZ,01951-872658,reynalda@vanhooser.co.uk,http://www.aallinoneconstruction.co.uk,45528,2007-05-14 12:41:43.451404800,14
Salley,1 Segrave St,Sutton Trinity Ward,B75 6HJ,01858-162078,salley.rieger@gmail.com,http://www.barnettindustriesinc.co.uk,41356,1993-04-02 04:09:40.096454400,28
Cheryll,666 Moor Place,Shepway South Ward,ME15 8ST,01780-380120,cheryll_yurich@yurich.co.uk,http://www.blainecostructuralmovers.co.uk,33534,2002-04-25 06:40:34.463251200,19
Crista,1554 Christopher St,Everton Ward,L6 1BG,01976-784016,crista@yahoo.com,http://www.greenpointsavingsbank.co.uk,30844,1992-06-23 15:05:27.861907200,29
Lino,55 Margaret Rd,Heaton Ward,BD9 4DA,01316-590173,lino.sutulovich@gmail.com,http://www.sherpacorp.co.uk,47488,2006-12-18 13:09:17.864179200,15
Galen,8830 Antonio St,Gillingham North Ward,ME7 1DZ,01220-653456,galen.wendorf@wendorf.co.uk,http://www.russellameliamosleyesq.co.uk,39245,2006-02-24 06:32:07.795248000,15
Gilbert,82 Sinclair St,Bangor Community,LL57 1DW,01455-565046,gilbert.langarica@gmail.com,http://www.interamericanpressassn.co.uk,43393,2001-05-20 20:23:59.681875200,20
Whitney,7568 Atlas St,Butterwick,PE22 0HY,01255-383731,whitney.goossen@hotmail.com,http://www.eaglenewspapers.co.uk,38569,1998-02-22 21:08:53.047651200,23
Socorro,93 Clyde Rd #9,Deepdale Ward,PR1 6TN,01311-567052,socorro_abrahams@abrahams.co.uk,http://www.martinmorrissey.co.uk,31801,1991-05-21 08:01:03.543887999,30
Mauricio,18 Nimrod St,Walney North Ward,LA14 3SJ,01640-813748,mflam@gmail.com,http://www.callenderwilliamcesq.co.uk,40038,2003-12-14 09:57:02.873721600,18
Phillip,6 Cannock St,Scarcroft,LS14 3BW,01490-898175,paloi@hotmail.com,http://www.duffieldmichaelc.co.uk,42483,1999-01-27 13:59:17.345414400,22
Gilberto,2258 Benedict St,Penryn,TR10 8RP,01582-161403,gerixon@gmail.com,http://www.advanceddatasystems.co.uk,36181,2004-06-11 08:07:01.320672000,17
Thad,9302 Ismay St #6,Tenterden,TN30 6JP,01506-152661,thad_puskarich@puskarich.co.uk,http://www.drubnernormansesq.co.uk,47259,2007-05-01 18:56:33.207504000,14
Bambi,3347 Lawrence Rd #456,Haverstock Ward,NW5 4EU,01676-354943,bambi.favaron@yahoo.com,http://www.desktopcenter.co.uk,46680,2009-07-07 03:50:33.983606400,12
Marshall,47 Elwy St,Kilpatrick Ward,G81 6RT,01913-454226,marshall@hotmail.com,http://www.vikinglodge.co.uk,45295,2007-02-13 11:58:52.566528000,14
Chery,553 Picton Rd,Astley Mosley Common Ward,M29 7AA,01274-659801,cwiederin@yahoo.com,http://www.rosenkrancebrent.co.uk,49816,1990-03-27 13:59:39.758438400,31
Eileen,9986 Cantsfield St,St. Peters Ward,SR6 9SD,01904-227024,eileen@yahoo.com,http://www.holidayhouseapts.co.uk,32365,1997-03-14 23:59:37.456425600,24
Melita,1 Sussex St,Cyfarthfa Community,CF48 1AR,01431-484822,melita.szpak@szpak.co.uk,http://www.ordraymenwarehousemans.co.uk,31565,2004-08-08 07:27:54.639648000,17
Ashley,9548 Ogwen St #84,Baguley Ward,M23 9GB,01740-739731,ashley_jessie@jessie.co.uk,http://www.haneytomcmd.co.uk,46827,1993-06-07 22:14:02.867020800,28
Laila,57 St Georges Hill,Crawcrook and Greenside Ward,NE40 4LJ,01550-206220,lfend@gmail.com,http://www.burlingtoncolibrary.co.uk,33979,2000-06-03 16:38:33.641692800,21
Bobbie,385 Upper Hampton St #39,Southey Ward,S5 8LL,01496-781616,bguillereault@gmail.com,http://www.genevawoodsprofessionalctr.co.uk,38174,1991-02-01 23:50:24.818524800,30
Dana,6378 Lyell St #48,Trossachs and Teith Ward,FK21 8TJ,01847-224345,dpaluszynski@paluszynski.co.uk,http://www.chilepeppermagazine.co.uk,31014,1994-01-01 04:11:26.381155200,27
Freida,675 Falstaff St #170,Chapel-en-le-Frith,SK23 0QG,01773-691786,freida_newyear@yahoo.com,http://www.flashelenasalernoesq.co.uk,34710,1990-05-16 07:41:07.900425600,31
Val,87 Pelops St,Kings Norton Ward,B38 8PL,01387-155607,vcellucci@yahoo.com,http://www.owensborobricktile.co.uk,30897,2005-11-16 18:07:48.350985600,16
Horace,5 Eyes St,Mid and Upper Nithsdale Ward,DG4 6LF,01924-556297,horace.knapp@yahoo.com,http://www.mouwcelellopc.co.uk,31761,1994-06-24 23:51:01.811721600,27
Joana,2427 Olney St #7,Amersham,HP6 6JH,01320-402522,jreinecke@reinecke.co.uk,http://www.visitingnurassnctrljersey.co.uk,33702,1996-11-28 03:20:42.360460800,25
Tiara,805 Westbank Rd,North Heywood Ward,OL10 2DU,01270-562265,tiara_schlichter@schlichter.co.uk,http://www.ccindustries.co.uk,49335,2008-07-25 13:29:10.757184000,13
Dacia,36 Cranmer St #4697,Little Hereford,SY8 4LE,01984-926059,dacia.swaisgood@swaisgood.co.uk,http://www.nelsonpaulsonchartered.co.uk,40415,2004-02-03 10:50:20.007139200,17
Myong,2 Kirkdale Rd,Canning Town North Ward,E16 4NF,01897-419567,mbabineaux@babineaux.co.uk,http://www.capitalthrpysptsmedcninc.co.uk,34519,1990-08-21 14:45:54.935078400,31
Gene,4687 Atherton St,Springfield Ward,B11 4HB,01257-354396,gene_bleile@bleile.co.uk,http://www.suntoledorefineryco.co.uk,32574,1993-04-18 06:07:55.837113600,28
Kanisha,513 Bailey St,Bontnewydd Community,LL54 7UP,01770-697837,kanisha@gmail.com,http://www.matamarioaesq.co.uk,36264,2002-06-07 12:30:31.797244800,19
Ayesha,620 Old Leeds St,Sheviock,PL11 3DF,01284-871485,ayesha@gmail.com,http://www.meredithpavingcorp.co.uk,34268,2001-07-19 05:34:10.704748800,20
Lanie,5149 Maria Rd,Peterlee,SR8 5RL,01218-415062,lanie.smalarz@yahoo.com,http://www.philosophicalrsrchsctybkstr.co.uk,30548,1994-10-05 01:04:43.935916800,27
Jaleesa,8 Taylor St,Shrub End Ward,CO2 9LW,01507-519053,jpolintan@polintan.co.uk,http://www.newjerseytanningcoinc.co.uk,40794,2008-09-08 08:49:09.307689600,13
Tamekia,588 Venmore St,Twickenham Riverside Ward,TW1 2QH,01794-317624,tamekia.flotow@hotmail.com,http://www.allcountyinc.co.uk,44277,2002-04-13 15:14:47.698396800,19
Ula,1 Newby St,Coleshill,B46 3LZ,01291-565542,ula@hotmail.com,http://www.mailboxesetc.co.uk,35731,2000-09-18 07:59:53.568960000,21
Rosendo,5588 Lake St #903,Crystal Palace Ward,SE19 2TJ,01404-343160,rratel@yahoo.com,http://www.elmarkgraphicsinc.co.uk,47906,2001-10-19 21:10:29.618054400,20
Timmy,9112 Hardwick St,Bowes,DL12 9JB,01651-232745,tlintner@hotmail.com,http://www.interdependenceassociatesinc.co.uk,37752,2004-08-09 06:31:01.716959999,17
Zita,2395 Gloucester Pl,Halliwell Ward,BL1 6DS,01368-497445,zita_speltz@yahoo.com,http://www.mmmdesigngroup.co.uk,42583,1996-03-29 01:40:59.834553600,25
Aleisha,341 Birchfield St,Wareham St. Martin,BH16 6JJ,01341-997268,aleisha.lemm@gmail.com,http://www.pathecmptrcntrlsystemscorp.co.uk,34220,1997-12-19 09:40:26.159606400,24
Naomi,9854 Ranelagh Place,Finedon,NN9 5EN,01469-888112,naomi.lavezzo@yahoo.com,http://www.torrefazioneitaliainc.co.uk,34996,1994-03-14 02:50:32.353036800,27
Aretha,8 Nova Scotia,Caerphilly Community,CF83 3AF,01816-462521,aretha@hotmail.com,http://www.sawyerrobertmesq.co.uk,31322,1993-09-22 07:49:35.123116800,28
Mila,72 Lime Place,Old Newton with Dagworth,IP14 4HG,01300-650262,mila_figuera@yahoo.com,http://www.ussapporoainc.co.uk,31443,2008-11-21 14:01:56.457667200,13
Orville,907 Denman St,Crowle and Ealand,DN17 4EN,01998-694754,orville_zuehl@zuehl.co.uk,http://www.tetilouisnesq.co.uk,33784,2004-10-17 03:47:40.585632000,17
Gabriele,5 Garfield St #9,Milton Regis Ward,ME10 2EJ,01404-425588,gabriele@geschke.co.uk,http://www.levysecurityconsultantsltd.co.uk,39069,1999-10-24 07:00:33.617664000,22
Kara,345 Feltwell Rd,St. Michaels and Wicksteed War,NN15 6BB,01691-316298,kara@yahoo.com,http://www.eladobeinn.co.uk,47398,1994-07-20 11:47:25.898467200,27
Kenny,1 Towson St,Howe of Fife and Tay Coast War,KY14 6AH,01753-900033,kenny@lin.co.uk,http://www.mcmahanmcmahanbrinkley.co.uk,34420,1995-02-02 07:52:58.582329600,26
Vashti,4 Candia St #6,Shipston on Stour,CV36 4HE,01311-723137,vashti@gmail.com,http://www.accurateengravingco.co.uk,31667,1991-02-28 23:03:54.316166400,30
Jordan,2 Cherry Lane,Strood South Ward,ME2 2NJ,01793-443665,jordan_handsaker@gmail.com,http://www.shirleysprintshoppe.co.uk,41021,1998-09-09 20:20:55.650739200,23
Carisa,7 Britannia Ave #875,Newton-with-Clifton,PR4 3RQ,01911-775929,carisa.degenhardt@degenhardt.co.uk,http://www.schwendsigns.co.uk,35664,1996-03-27 23:32:13.676553600,25
Audrie,63 Brunswick Sq,Llanelli Rural Community,SA15 5YN,01344-670413,adanaher@yahoo.com,http://www.kcproductsco.co.uk,39047,2003-12-06 11:39:09.730310400,18
Shaunna,5 Gainsborough Rd,Newington Ward,SE1 6EH,01658-509610,shaunna.rodamis@yahoo.com,http://www.engelbrechtackermanhassman.co.uk,33517,1997-07-22 20:31:06.632054400,24
Coleen,745 Goodall St #9309,Much Wenlock,TF13 6HB,01956-525612,coleen.langer@hotmail.com,http://www.valleyprodnctrforvidaud.co.uk,37310,1993-08-05 04:25:38.056886400,28
Katie,1267 Alderson Rd,Churchdown,GL3 2BA,01606-772920,katie@choinski.co.uk,http://www.coastaltechnologies.co.uk,39045,1990-06-30 07:16:01.023772800,31
Dannie,2 Gay St #3702,Werrington South Ward,PE7 2QA,01675-779811,dbrau@brau.co.uk,http://www.goodfellowagency.co.uk,34142,1991-05-07 07:49:09.765408000,30
Ashanti,3409 Benns Gardens,Hollington Ward,TN38 9NE,01352-599278,adonn@yahoo.com,http://www.denticator.co.uk,38099,2003-08-04 15:26:47.314838400,18
Madalyn,1 Lower Burlington St,Northfleet South Ward,DA11 8RN,01974-720949,madalyn.dubberly@gmail.com,http://www.lmindustrialchemicalsinc.co.uk,34425,1999-01-28 17:01:10.242566400,22
Santos,4706 Chapel Place #5993,Steyning,BN44 3DF,01614-431131,santos@gmail.com,http://www.gallagherjohnjesq.co.uk,47420,2000-09-25 05:56:42.693504000,21
Alyce,4 Mather St,Holbrook Ward,CV6 4BN,01361-927368,alyce@yahoo.com,http://www.sadowskijeffreya.co.uk,49436,2007-12-09 01:55:52.344739199,14
Pearly,9960 Gilroy Rd,Woodhouse Ward,N12 9JT,01329-374051,pero@hotmail.com,http://www.ruggallery.co.uk,46979,2009-10-23 09:59:32.612352000,12
Cherrie,3 Burnall St,Keighley,BD20 6DA,01373-498883,cherrie_nitschke@yahoo.com,http://www.watsonrichardimd.co.uk,30664,1994-05-04 15:35:05.396496000,27
Maia,8 Bigham Rd,Deal,CT14 9QJ,01950-708083,maia_shadd@gmail.com,http://www.pigeonfallsstatebank.co.uk,49276,2003-04-07 10:47:03.999753600,18
Edwin,950 Gordon St,Heanor and Loscoe,DE75 7FZ,01366-667615,edwin_logghe@hotmail.com,http://www.josephvictorsoninc.co.uk,34698,1995-04-08 19:59:55.775788800,26
Leigha,784 Juno St #7653,North Horsham,RH12 4GW,01406-216625,lsemenza@yahoo.com,http://www.uniqueepoxy.co.uk,47600,1990-05-31 21:01:43.861180800,31
Walker,69 Chantrey St #90,Hickling,NR12 0YB,01245-616596,walker.seeger@yahoo.com,http://www.jimdunnambuilderinc.co.uk,37183,2005-03-03 17:08:48.041692799,16
Nakita,4 Northbrook St #600,Edmonton Green Ward,N18 2NF,01679-150583,nakita_rodrigues@gmail.com,http://www.richardmulhollandpropinc.co.uk,41329,1996-05-27 01:05:14.257737600,25
Kattie,526 Liffey St #759,Westbury,BA13 3QU,01322-491007,kozane@gmail.com,http://www.pagepatriciaaesq.co.uk,33042,1997-09-02 14:05:35.014848000,24
Lamar,6301 Dorset Rd,Harefield Ward,UB9 6LF,01716-613102,lsuite@yahoo.com,http://www.tjboyleassociates.co.uk,35487,2001-10-08 05:52:33.452227200,20
Juliana,4 Summer Seat Bootle,Moulsecoomb and Bevendean Ward,BN2 4TL,01962-844141,juliana.uken@yahoo.com,http://www.charlesscavadinicic.co.uk,41935,2006-08-16 15:21:37.205798400,15
Chan,84 Walton Village,Horfield Ward,BS7 0AX,01507-583669,chan@gmail.com,http://www.hydricklawoffices.co.uk,48883,2002-08-01 08:11:32.577532800,19
Delpha,8 Tagus St #9814,Cleator Moor,CA25 5EF,01322-480025,delpha.detamore@yahoo.com,http://www.bilartooldieinc.co.uk,31052,2007-06-16 14:03:23.503593600,14
Floyd,770 Jamaica St,Penmaenmawr Community,LL34 6BH,01882-970809,floyd_tivis@hotmail.com,http://www.sheplerswesternwear.co.uk,42697,1995-06-22 11:57:16.389763200,26
Chantell,11 Tetlow St,Parsons Green and Walham Ward,SW6 4QP,01607-329400,chantell_besong@gmail.com,http://www.kellymarkc.co.uk,45634,2005-12-18 12:43:26.564016000,16
Martin,7642 Ledward St,Cressington Ward,L19 0LN,01919-185409,mfonua@yahoo.com,http://www.aviationinsuranceinc.co.uk,37143,1993-09-18 06:08:56.466153600,28
Hyun,1432 Rutland Ave,Uckfield,TN22 9EF,01594-744010,hyun@gmail.com,http://www.hallronalda.co.uk,35335,2009-01-22 02:18:01.080316800,12
Nada,22 Harewood St #95,Acton Trussell and Bednall,ST17 0RU,01576-627827,nada@hotmail.com,http://www.advancedengineeringassocs.co.uk,37623,2003-10-02 18:56:39.605769599,18
Elizabeth,645 Lister Drive,Denwick,NE66 2LQ,01634-662999,elizabeth@gmail.com,http://www.hirschhenrylesq.co.uk,33725,1994-04-24 11:58:41.288908800,27
Dominic,8977 Old Leeds St #87,Beaminster,DT8 3DR,01725-615270,dwashmuth@hotmail.com,http://www.bremerduncansesq.co.uk,40254,2008-12-13 11:44:55.747276800,13
Alise,22 Delamore St,Hereford,HR1 2EA,01266-695304,alise.packebush@gmail.com,http://www.wncforkliftinc.co.uk,49950,2004-08-14 15:10:50.096323200,17
Flo,35 Walton Lane,Loughborough Ashby Ward,LE11 4PF,01983-847833,flo.bardsley@hotmail.com,http://www.hancockjohnjesq.co.uk,39383,1995-01-30 07:08:36.165033600,26
Bonita,22 Kilshaw St,Wimbledon Park Ward,SW19 7DT,01989-617161,bsandblom@gmail.com,http://www.transbaysteelcorp.co.uk,33702,1994-04-08 10:58:31.294300800,27
Royal,1 Argyle St,Hyde Werneth Ward,SK14 5AR,01934-427282,royal.rush@yahoo.com,http://www.severttodddesq.co.uk,36228,2000-05-13 23:23:09.540412800,21
Erasmo,3 Garden Lane,Darton West Ward,S75 5JY,01492-454455,erasmo.talentino@hotmail.com,http://www.activeairsystems.co.uk,48274,1990-07-07 11:48:13.084358400,31
Mari,4309 Chisenhale St,Rock,DY14 9XQ,01423-202676,msmeby@gmail.com,http://www.abedoorswindows.co.uk,38722,1994-02-24 18:37:58.469347200,27
Eleonora,758 Woodhouse St,Soho Ward,B21 0UE,01966-685595,eleonora@gmail.com,http://www.jacksondonaldmesq.co.uk,41331,1998-06-30 18:02:55.797993600,23
Therese,18 Ouse St,Oakridge and Castlefield Ward,HP11 2PJ,01611-691262,tshiraki@gmail.com,http://www.wuhffox.co.uk,35121,1997-06-26 16:27:39.714220800,24
Rodolfo,5 Ruskin St,Irvine East Ward,KA11 2BP,01576-536794,rodolfo_scavuzzo@yahoo.com,http://www.gulfatlanticequipmentcoinc.co.uk,47259,1999-04-10 21:10:09.155337600,22
Cruz,4565 Blackstock St,Springfields and Trent Vale Wa,ST4 5BW,01710-616480,cruz@hotmail.com,http://www.grahamjohnaesq.co.uk,30459,1995-07-22 08:31:40.355529600,26
Arlyne,8361 Cottenham St,Fawley,SO45 1QQ,01907-958462,arlyne.dellinger@yahoo.com,http://www.holzgraferogereesq.co.uk,39362,2001-09-27 01:06:52.003267200,20
Edward,1267 Audley St,Ise Lodge Ward,NN15 5DB,01242-422459,edward_strejan@gmail.com,http://www.kaysersnutritioncenter.co.uk,45267,2007-04-13 07:53:50.514000000,14
Christoper,845 Atherton St,Tatsfield,TN16 2AR,01455-958797,christoper@gmail.com,http://www.jonesbrighampesq.co.uk,32251,1992-05-08 16:30:20.706537600,29
Melda,150 Margaret Rd,Kings Hill,ME19 4DT,01879-572287,melda.colamarino@colamarino.co.uk,http://www.proctorassociatesco.co.uk,45919,2000-05-07 23:19:19.793395200,21
Margot,9923 Dinorben St #4838,Childs Hill Ward,NW11 8DY,01925-895879,margot.peay@yahoo.com,http://www.borkterrydesq.co.uk,47565,1992-08-22 21:21:00.140371200,29
Gerald,186 Craven St #68,Little Ness,SY4 2JX,01593-647422,gdrozdenko@yahoo.com,http://www.diamondcbntsdivwhtconsind.co.uk,44397,2004-05-04 09:02:38.180515200,17
Tomoko,5160 High St #38,Goldsmid Ward,BN3 6EA,01731-573285,tomoko@renno.co.uk,http://www.tricoprodscorp.co.uk,40657,1997-12-03 14:41:33.104544000,24
Mendy,3833 Sidney Rd,Cherryfield Ward,L32 3XS,01378-845450,mendy.wassmann@wassmann.co.uk,http://www.ruellojosephf.co.uk,34490,2001-04-23 23:14:04.223443200,20
Daryl,6267 Greenland St,Wakefield East Ward,WF1 4LW,01391-238570,dhilcher@hotmail.com,http://www.petalumaareachambercommrce.co.uk,36658,1993-09-01 01:01:10.564032000,28
Ty,14 Landseer Rd,Nith Ward,DG1 9SY,01964-503521,tfeeback@gmail.com,http://www.barnetttravel.co.uk,41574,1992-11-24 06:11:07.851523200,29
King,30 Seville St,Meads Ward,BN20 7QU,01908-714833,king_vanacore@yahoo.com,http://www.sdsepublictv.co.uk,47092,1999-10-06 17:44:25.706774400,22
Isidra,79 Chelmsford St,Holywell Community,CH8 7UP,01600-982590,ivarnado@varnado.co.uk,http://www.howlandmachinecorp.co.uk,46591,1997-02-11 02:33:35.660044800,24
Tonja,8 South John St,Lamport,NN6 9XW,01683-204727,tdriesenga@driesenga.co.uk,http://www.firstozaukeesavingsbank.co.uk,43667,2008-10-23 19:05:56.430268800,13
Shaquana,50 Townsend St,Chadderton Central Ward,OL9 0NS,01641-726098,shaquana@hotmail.com,http://www.generaltruckpartequipment.co.uk,46203,2005-04-23 11:11:28.692729600,16
Gilberto,7643 Campbell St,Penge and Cator Ward,BR3 1LT,01304-758732,gfeagins@gmail.com,http://www.finlayjosephbjr.co.uk,49120,2004-12-22 17:40:25.532659200,17
Rex,371 Oakleigh,Warminster,BA12 8NR,01955-496773,rfaehnle@faehnle.co.uk,http://www.heringglennzesq.co.uk,43934,2008-01-29 13:50:02.565657600,13
Adolph,9874 Oakfield Rd,Redhill Ward,SR5 5PT,01731-429712,adolph_cunningham@hotmail.com,http://www.moorheadbridgetkleinesq.co.uk,43373,1991-09-02 11:37:24.672489600,30
Queen,6 Princes St,East Kilbride West Ward,G75 8YR,01567-846944,queen_leader@gmail.com,http://www.ottumwaglassco.co.uk,37086,2001-01-17 07:38:11.205859200,20
Rebbecca,4190 Seacombe St,Tiffield,NN12 8AA,01583-168158,rrufenacht@yahoo.com,http://www.ithacaguitarworksinc.co.uk,46771,2001-09-10 04:22:18.605942399,20
Ardella,3145 Rhyl St,Londesborough,YO43 3QE,01813-786468,ardella.goldrup@goldrup.co.uk,http://www.bedfordbooksstmartinsprs.co.uk,45103,2009-03-29 21:46:20.495942400,12
Dallas,4919 Lime Grove,Whitchurch Urban,SY13 4HB,01356-551432,dallas_miyashiro@miyashiro.co.uk,http://www.embuildingproductsinc.co.uk,49155,1995-11-05 10:18:57.376454400,26
Vivan,8 Carolina St,Northgate Ward,RH10 8EZ,01907-573672,vjenious@yahoo.com,http://www.mnplsarprtmarriott.co.uk,41382,1994-10-26 11:52:53.707756800,27
Han,1592 Price St,Ponteland,NE20 9TF,01532-163009,han_dzledzic@hotmail.com,http://www.captaincopy.co.uk,34961,1992-01-03 17:56:27.645388800,29
Emilio,2 Weller St,Appleton Wiske,DL6 2AS,01845-679016,emilio_guitierrez@guitierrez.co.uk,http://www.registerprintingco.co.uk,35017,1990-05-01 00:50:13.095888000,31
Latia,18 Thomas St,Barnham,PO22 0JT,01695-303367,lcos@yahoo.com,http://www.capitolcadillaccompany.co.uk,34749,2008-08-05 03:23:18.685017600,13
Lilli,42 Hey Green Rd,Deepdale Ward,PR1 6TL,01752-399931,lilli@yahoo.com,http://www.aplumberssupply.co.uk,31813,2003-05-27 09:50:49.003555200,18
Maryanne,256 Vesuvius St #159,Stutton with Hazlewood,LS24 9UA,01455-447890,maryanne@hotmail.com,http://www.leveringcharlesbesq.co.uk,41749,2005-09-15 07:51:07.940822400,16
Eliz,82 Denison St #2642,Holyrood Ward,M25 1JB,01699-467608,eliz@gmail.com,http://www.karlmaygeneralcontractor.co.uk,31860,1995-08-21 07:41:01.187923200,26
Laura,1779 Bird St,East Sheen Ward,SW14 8JZ,01821-208235,laura_gumaer@gmail.com,http://www.cleasingcompany.co.uk,42671,2001-09-24 07:30:15.047164800,20
Leanora,99 College St South #1,Byker Ward,NE6 2RX,01564-503370,lrespicio@respicio.co.uk,http://www.fireprotectionconsultants.co.uk,40445,1991-04-13 06:10:19.857791999,30
Sherell,29 Greenleaf St,Llangristiolus Community,LL62 5HD,01523-372834,spomarico@hotmail.com,http://www.kxltradiokfm.co.uk,44365,1999-09-18 23:53:06.653587200,22
Charlie,39 Hooton Place,"Neilston, Uplawmoor and Newton",G78 3AB,01295-844061,charlie@isita.co.uk,http://www.sotorrioreneaesq.co.uk,48315,2009-07-21 13:54:28.020067200,12
Veronique,198 Ranelagh Place,Central Buchan Ward,AB43 6RD,01632-762032,vnuckolls@gmail.com,http://www.cinemaxcablepaytvsvce.co.uk,30431,2007-07-14 17:56:08.645251200,14
Antonio,353 Standish St #8264,Little Parndon and Hare Street,CM20 2HT,01559-403415,antonio.villamarin@gmail.com,http://www.combssheetmetal.co.uk,30223,1996-10-06 14:08:35.703168000,25
Louvenia,87 Eldon Place,Read,BB12 7RY,01315-409372,lkincannon@kincannon.co.uk,http://www.fineshribermarilynesq.co.uk,38836,2009-03-27 05:33:25.840512000,12
Roxanne,592 Catharine St,Blantyre Ward,G72 0RZ,01317-299836,roxanne_hedegore@gmail.com,http://www.wallacebruceresq.co.uk,47360,1994-08-20 19:29:23.971113600,27
Eve,1661 Arrow St,Kirk Hammerton,YO26 8DA,01746-129962,eve.hoffstot@yahoo.com,http://www.domesticintrntltechlgyltd.co.uk,40955,2008-12-27 17:21:34.551561600,13
Kenda,7 Netley St,Custom House Ward,E16 3DP,01840-188852,kkoza@koza.co.uk,http://www.generalbinderycoinc.co.uk,34725,2008-10-30 16:55:56.114630400,13
Elden,7 St Edmonds Rd,Nonington,CT15 4HH,01539-784239,elden_mercik@mercik.co.uk,http://www.leestandvm.co.uk,39051,2005-12-26 23:22:42.516220800,16
Kami,6996 Wrenbury St,Foleshill Ward,CV6 5RS,01775-876516,kami@yahoo.com,http://www.chomskycharlesesq.co.uk,41301,2002-08-12 01:15:46.951113600,19
Selene,2 Prince Rupert St,West Wickham Ward,BR3 6SX,01741-833047,selene@yahoo.com,http://www.dustbooks.co.uk,47508,2007-06-28 13:08:57.191596800,14
Deangelo,9970 Clyde Rd,Woodham Ward,KT15 3NW,01748-535438,deangelo_rardon@yahoo.com,http://www.ricloproductionsltd.co.uk,36965,1995-11-11 19:20:55.560249600,26
Olen,9 Fielding St,Wombourne,WV5 0BB,01654-865551,olen@gmail.com,http://www.shohetgracecesq.co.uk,43829,2006-12-25 09:09:31.546022399,15
Lanie,555 Ludlow St,Trowbridge,BA14 9JB,01973-841918,lanie@yahoo.com,http://www.lbt.co.uk,33064,2002-05-12 04:58:14.403273600,19
Lynna,1 James St #4,St. Andrews Ward,KY16 9EE,01914-909214,lynna@yahoo.com,http://www.wkyamstereo.co.uk,34755,1990-04-07 17:00:12.912796800,31
Jody,3 Byng St #524,Pinhoe Ward,EX1 3SF,01822-390245,jody_klitzing@hotmail.com,http://www.dandeebeltbagcoinc.co.uk,40081,1996-12-11 21:18:50.285923200,25
Antonio,425 Howley St,Gaer Community,NP20 3DE,01463-409090,antonio_glasford@glasford.co.uk,http://www.saintthomascreations.co.uk,41868,1992-12-18 07:36:40.039516800,29
Merilyn,4041 Virgil St,Headley,KT18 6PZ,01770-233355,merilyn_scurci@hotmail.com,http://www.newyorkcliquidatorsinc.co.uk,49788,2009-08-22 05:53:33.101836800,12
Elliott,32 High Park St #44,St. Margarets with St. Nichola,PE30 1QE,01727-926540,elliott@gmail.com,http://www.johnnodaalawofclawrencee.co.uk,30126,1999-07-27 23:21:47.223417600,22
Leonie,88 Vernon St,Dunbar and East Linton Ward,EH42 1SJ,01515-840778,leonie_devereux@gmail.com,http://www.mrbarbqinc.co.uk,41307,1999-12-13 22:35:29.731171200,22
Eulah,62 Euston St,Bunhill Ward,EC1Y 8RT,01666-133305,eulah@syrop.co.uk,http://www.atec.co.uk,44053,2002-10-16 23:40:08.095497600,19
Marsha,74 Medlock St,Chorlton Park Ward,M20 1JG,01203-684728,marsha.tarry@yahoo.com,http://www.allgoodindustries.co.uk,42260,1997-05-16 21:05:57.037891200,24
Mignon,80 Talbot St,Edgeley and Cheadle Heath Ward,SK3 9RD,01934-252795,mignon@gmail.com,http://www.nationallimeassociation.co.uk,35405,1992-09-27 04:38:28.458384000,29
Tu,31 Buckingham Ave #3785,Cotham Ward,BS6 5SR,01578-744350,tu_rivet@gmail.com,http://www.geminihatsaccessoriesinc.co.uk,39374,2006-06-12 09:24:42.513148800,15
Adelle,162 Grayson St,Greenlands Ward,FY2 0TD,01624-595660,adelle_schantini@yahoo.com,http://www.creativephotographyinc.co.uk,38957,1993-10-19 00:41:32.152876800,28
Douglass,5 Webb St #8,Boothen and Oak Hill Ward,ST4 1EB,01305-958705,douglass@fonnesbeck.co.uk,http://www.goodspeedpauleesq.co.uk,45631,2000-03-24 16:42:56.432217600,21
Evette,8092 Firdale Rd,Stoneygate Ward,LE5 5RE,01277-740331,emazierski@mazierski.co.uk,http://www.consolidatedaluminum.co.uk,36409,1994-06-27 20:38:42.462729600,27
Geraldo,68 Carno St,City and Hunslet Ward,LS10 1SJ,01374-376226,gokoren@okoren.co.uk,http://www.guadalajarabargrille.co.uk,37758,1991-12-16 20:26:35.840803200,30
Clarinda,714 Moored St,Trelawnyd and Gwaenysgor Commu,LL18 6DH,01902-887021,cpelayo@pelayo.co.uk,http://www.tejasloans.co.uk,34153,2007-04-01 04:06:33.950851200,14
Reuben,545 North John St,Cobham and Downside Ward,KT11 2HT,01337-407282,reuben.mccorrison@hotmail.com,http://www.kyestvchannel.co.uk,49331,2009-06-18 03:35:41.579779200,12
Yen,21 Pilgrim St,Leighton-Linslade,LU7 2NZ,01882-911812,ygroody@groody.co.uk,http://www.dailyadvance.co.uk,34870,2009-03-21 20:35:32.220211200,12
Tanja,9772 Teilo St,Hetton,DH5 0PH,01584-615989,tanja.milne@yahoo.com,http://www.austinperiodicalservices.co.uk,37424,2008-02-19 07:04:02.839584000,13
Jerlene,33 Fonthill Rd,Hodge Hill Ward,B36 8JE,01993-956208,jholtgrewe@yahoo.com,http://www.graniteconstructionco.co.uk,47502,2005-06-26 04:33:19.816934400,16
Almeta,3 Ivyleigh,Loundsley Green Ward,S40 4LW,01291-250423,akeehner@hotmail.com,http://www.hoolahancatherinegesq.co.uk,34713,1996-08-30 23:00:12.734294400,25
Wilda,501 Sandon Terrace #200,Little Clacton,CO16 9LZ,01950-109108,wilda@brigham.co.uk,http://www.morellihoskinsford.co.uk,42743,1991-08-16 12:38:31.653772799,30
Remedios,9 Duckenfield St,Aldbrough,HU11 4QA,01536-498792,remedios.arlinghaus@gmail.com,http://www.millermartinmesq.co.uk,43919,1998-02-23 07:17:45.457353600,23
Margret,5466 Sedley St,Coatbridge South Ward,ML5 4LJ,01626-590776,margret@alcazar.co.uk,http://www.advantagetitleescrowinc.co.uk,30283,1994-08-24 16:51:48.329366400,27
Denny,75 Brewster St #453,Redlands Ward,RG1 5EX,01349-134533,dcasalenda@gmail.com,http://www.ringointernationalinc.co.uk,37781,1992-08-25 22:54:42.584428800,29
Carolynn,7901 Beech St,St. Helier Ward,SM4 5PY,01815-665993,carolynn.atkison@hotmail.com,http://www.dorvaltradingcoltd.co.uk,47888,1991-01-26 08:08:08.747664000,30
Amina,684 Cotswold St,Victoria Ward,E9 7NG,01536-114519,amina@yahoo.com,http://www.poaggraininc.co.uk,38706,2004-07-07 04:37:05.513260800,17
Janna,5 April Rd #13,Wheatley Ward,DN1 2TU,01684-628072,jprzybyl@przybyl.co.uk,http://www.southwestmsshopgbag.co.uk,36229,1990-03-25 11:44:10.698489600,31
Emiko,8 Village St,Windlesham,GU18 5YQ,01660-135336,emiko.sayre@yahoo.com,http://www.scottmarlowagency.co.uk,33091,2005-05-31 20:42:38.755670400,16
In,7 Haddock St #34,Saint Annes on the Sea,FY8 3TF,01574-363346,in_muns@muns.co.uk,http://www.nursefinders.co.uk,44571,1992-12-09 14:12:45.327888000,29
Eleni,9 Mather St,Sutton Vesey Ward,B73 6HH,01208-373467,eleni_vanscoik@gmail.com,http://www.simpsonfredbesq.co.uk,48425,1991-08-04 23:43:12.176745600,30
Kandis,70 Rose Vale,Reydon,IP18 6PE,01797-837270,kalsbury@hotmail.com,http://www.fastcash.co.uk,49048,1991-10-17 15:21:15.967900799,30
Kina,29 Oregon St,Ruddington,NG11 6JT,01515-506025,kina_saltman@gmail.com,http://www.mitchellsillimancoinc.co.uk,39537,2003-06-11 23:33:02.637619200,18
Jacki,15 East Albert Rd,Kingston Bagpuize with Southmo,OX13 5AW,01820-396117,jacki.sterback@gmail.com,http://www.praverdavidlesq.co.uk,48175,1994-11-28 15:40:04.959984000,27
Fallon,3186 Naylor St,Manor Castle Ward,S2 1HP,01538-649750,fallon.kerfoot@gmail.com,http://www.rotenstreichhandrewesq.co.uk,48740,1998-05-31 11:04:20.084016000,23
Precious,9 Herbert St #77,Shenley,WD7 9AQ,01687-288043,precious_brabble@brabble.co.uk,http://www.sigmacomcorporation.co.uk,36219,2001-02-24 03:16:24.045283199,20
Glory,9830 Croxteth Rd,Pontefract North Ward,WF8 3YR,01469-868357,glory_ona@gmail.com,http://www.realisleproperties.co.uk,32741,2007-03-20 04:29:06.085795200,14
Tamesha,1054 Gladys St,Bellshill Ward,ML4 3EJ,01954-979729,tamesha.tyburski@gmail.com,http://www.lissamyesq.co.uk,49064,2004-07-17 18:50:57.123081600,17
Brande,921 Douro St #1520,Rhoose Community,CF62 3HN,01947-472569,bcutlip@yahoo.com,http://www.realestateappraisalsinc.co.uk,32525,1995-05-30 00:22:34.378233600,26
Olene,180 Frodsham St,Grovehill Ward,HP2 7BD,01250-453315,olene_skubis@yahoo.com,http://www.lubyjosephkesq.co.uk,37390,1992-08-18 14:43:11.852054400,29
Carey,7217 Edge Grove,Sharston Ward,M22 4ZB,01750-379103,cmarchetta@hotmail.com,http://www.newrivertirecompanyinc.co.uk,46426,1991-02-09 13:33:17.423740800,30
Launa,12 Gelling St,Trossachs and Teith Ward,FK16 6DU,01670-547878,launa.torez@yahoo.com,http://www.farbermindyesq.co.uk,31273,1996-01-13 11:30:39.471955200,25
Dominga,763 Roscoe St,Lobley Hill and Bensham Ward,NE11 0AN,01341-700830,dominga@whitrock.co.uk,http://www.nohrkatharinemesq.co.uk,31884,1995-03-31 00:50:41.137008000,26
Dwight,419 St Andrew St,Tibberton,WR9 7NS,01822-404490,dbelyea@belyea.co.uk,http://www.skuttlemfgco.co.uk,35822,1999-02-15 13:30:41.562201600,22
Cornell,623 Cornhill,Stretton,DE13 0DH,01608-748971,cornell.mccrossin@mccrossin.co.uk,http://www.cheekjohndesq.co.uk,48449,2003-09-02 01:16:57.000950400,18
Alverta,328 Havelock St #61,Addlestone Bourneside Ward,KT15 2NL,01685-141932,alverta.topete@gmail.com,http://www.nationalcatholicreporter.co.uk,31333,2003-12-01 05:44:53.304316800,18
Felicia,1056 College St South,Chester-le-Street North and Ea,DH2 2JZ,01722-395799,felicia@claybrooks.co.uk,http://www.stresconindustriesinc.co.uk,37132,1995-09-03 09:19:43.086345600,26
Carmen,11 Denison St #7,Orford Ward,WA2 9QB,01692-491267,carmen@hotmail.com,http://www.nordabethdorseyesq.co.uk,33663,1997-08-07 17:54:43.759238400,24
Ashlee,30 Daulby St,Brympton,BA20 2EJ,01832-837946,ashlee.beyl@hotmail.com,http://www.indianaelectronicscorp.co.uk,36808,1993-08-16 11:44:03.245280000,28
Vannessa,201 Bran St,Ashford Common Ward,TW15 2AJ,01206-207771,vannessa.land@yahoo.com,http://www.portdeliverysystems.co.uk,48807,2005-10-10 02:43:27.515510400,16
Patti,1346 Vandyke St,Hove Park Ward,BN3 6NS,01539-157435,patti@rempel.co.uk,http://www.mederrandyfcpa.co.uk,47204,1991-02-20 07:58:08.810774400,30
German,883 Howe St,Clayton-le-Moors Ward,BB5 5TJ,01790-887225,german@meyerhoff.co.uk,http://www.smcopiers.co.uk,36159,2003-12-11 06:17:03.670915199,18
Anika,231 Wordsworth St,Harrow Weald Ward,HA3 6TH,01942-654793,anika@marse.co.uk,http://www.miltonterryassociates.co.uk,32803,2005-07-30 03:33:55.821254400,16
Cristina,2449 Amberly St #6364,Temple Newsam Ward,LS15 0PQ,01264-145506,cmarola@gmail.com,http://www.proimgmktngpubrelinc.co.uk,39567,2005-07-20 17:45:05.489308800,16
Lemuel,8430 Shadwell St,Great Barr with Yew Tree Ward,WS5 4SU,01580-252868,lemuel_allis@yahoo.com,http://www.computersecuritycnslntsinc.co.uk,47322,1995-03-11 08:11:24.441244800,26
Joaquin,115 Lister Rd,Barnfield Ward,BB5 2EY,01616-548910,jhysom@gmail.com,http://www.sporttoyota.co.uk,45383,1997-06-24 01:53:27.087504000,24
Kerrie,7855 Sir Thomas St #7499,Calstock,PL17 8AR,01854-749084,kmakuch@gmail.com,http://www.kinkoscopies.co.uk,33575,2001-10-03 00:04:13.561968000,20
Alaine,1 Milton St,Little Missenden,HP16 0DH,01927-151413,alaine@hotmail.com,http://www.putnamcoinc.co.uk,36105,1995-06-17 05:41:01.171363200,26
Shannon,1111 Nesfield St,Tonge with the Haulgh Ward,BL2 2SU,01620-435994,shannon@yahoo.com,http://www.hungs.co.uk,48232,1997-06-02 10:48:47.613830400,24
Corinne,1831 Richards St #8,Berkhamsted,HP4 2AF,01933-753592,corinne@holman.co.uk,http://www.herculitemasonsupplyinc.co.uk,30886,1993-12-10 16:17:08.537510400,28
Heidy,8054 Low Hill,Prestbury,GL52 3BY,01958-748582,hhallford@hotmail.com,http://www.newenglanddiecoinc.co.uk,30388,1999-03-14 16:58:12.292694400,22
Marylyn,7252 Dansie St,East Finchley Ward,N2 9JL,01721-694690,marylyn_shonerd@yahoo.com,http://www.barkerelectronics.co.uk,47953,1990-11-22 22:29:57.664003200,31
Maryln,76 Paulton St,Lancaster Gate Ward,W2 3JT,01618-628525,maryln@gmail.com,http://www.mullinsglenesq.co.uk,30189,2005-12-31 07:24:34.502947200,16
Pearlie,4 Cochrane St,Iwade,ME9 8UJ,01235-935599,pearlie_flori@gmail.com,http://www.marinesafetyinternational.co.uk,32991,1991-07-17 05:51:04.465497600,30
Nina,5679 Gloucester Pl,Calton Ward,G40 4BH,01434-621318,nyaklin@hotmail.com,http://www.rammmetalsinc.co.uk,46343,2000-05-18 14:37:49.212163200,21
Vivienne,45 Ledward St,Wilsden,BD15 0NJ,01782-100832,vivienne@hotmail.com,http://www.finleycolmerco.co.uk,30264,1996-02-20 13:18:36.340732800,25
Jacob,4 Monmouth Rd,Llwyn-y-Pia Community,CF40 2JJ,01550-463222,jacob.kippel@yahoo.com,http://www.accautomationinc.co.uk,48091,2001-07-21 12:41:26.951596800,20
Tula,64 Croyland St,Clackmannanshire South Ward,FK10 2LA,01846-815511,tnahmias@nahmias.co.uk,http://www.anstoettermarkdesq.co.uk,43951,2009-03-11 14:52:46.974345600,12
Berry,4 Vivian St,Corporation Park Ward,BB2 6LB,01379-603039,berry.scandalis@gmail.com,http://www.americanfinefoodsinc.co.uk,34240,2002-11-30 12:52:08.198054400,19
Kaycee,35 Dublin St,Cirencester,GL7 2EY,01270-893129,kaycee.carsten@gmail.com,http://www.dohnlawofficesincps.co.uk,30559,1990-09-16 08:35:27.366432000,31
Melvin,87 Pickup St,Franche Ward,DY10 2ZQ,01401-151569,melvin_setter@setter.co.uk,http://www.rexinternatl.co.uk,37640,1998-08-11 12:29:07.271174400,23
Brianne,7 Cottenham St,Mossend and Holytown Ward,ML1 4TD,01519-417660,brianne@matsumura.co.uk,http://www.benderassociates.co.uk,30331,2000-03-15 04:23:41.830396799,21
Eugene,622 Holmes St,Heath Town Ward,WV10 0AW,01839-920108,eugene_pelzer@gmail.com,http://www.fashioncornerinc.co.uk,44531,2000-09-22 07:30:23.872579200,21
Margery,40 Peters Lane,Long Preston,BD23 4NF,01634-340524,margery@hotmail.com,http://www.cgmcculloughinsuranceagcy.co.uk,42979,2003-08-19 06:05:18.165580800,18
Noel,2 Cockburn St,Seaham,SR7 0AR,01868-736780,nsarra@gmail.com,http://www.orkinexterminatingcoinc.co.uk,38190,1995-07-22 02:48:36.578419200,26
Beula,65 Oban Rd,St. Austell,PL25 5AH,01322-144392,beula_lingo@yahoo.com,http://www.bauercoatings.co.uk,31573,1992-07-30 10:55:37.168060800,29
Sheridan,31 Davy St,Aveton Gifford,TQ7 4NF,01512-765064,sheridan.mckenize@hotmail.com,http://www.wordimageworkshopinc.co.uk,43395,1997-11-08 21:19:25.782499200,24
Dino,80 Ellerslie Rd,Trotton with Chithurst,GU31 5JN,01802-634391,dino.meinert@yahoo.com,http://www.containerdecoratinginc.co.uk,43406,2009-02-17 12:00:18.208540800,12
Rebbeca,4 Sherwood St,Speke-Garston Ward,L24 6SH,01708-724957,rebbeca_rubinstein@hotmail.com,http://www.cullenjackjesq.co.uk,35629,1993-09-29 04:16:44.699404800,28
Celia,8362 Whithorn St,Leatherhead South Ward,KT22 8AP,01309-159593,celia.reisling@hotmail.com,http://www.bridgervalleygeneralstore.co.uk,40324,2008-01-31 12:09:45.334598400,13
Stefania,25 Dale St #2,Kirkintilloch East and Twechar,G66 3LX,01698-705920,sweatherwax@yahoo.com,http://www.robertvanceltd.co.uk,31883,2000-11-17 01:06:37.837296000,21
Leah,68 Scotland Place,Loughborough Hastings Ward,LE11 2NX,01777-851028,leah@hotmail.com,http://www.safeguardchemicalcorp.co.uk,34960,1999-02-21 04:40:34.741401600,22
Billy,338 Alfonso Rd,Alphington Ward,EX2 8LL,01270-345115,billy.selma@yahoo.com,http://www.taylorinn.co.uk,34816,2007-08-24 04:40:08.527296000,14
Doug,65 Rankin St,Woodford cum Membris,NN11 3QR,01943-467489,dlucore@yahoo.com,http://www.barralbertsiii.co.uk,35634,1999-03-05 13:27:11.060438400,22
Veronica,8 Cookson St,Temple Newsam Ward,LS15 9EP,01456-906658,veronica@hotmail.com,http://www.lasvegasartmuseum.co.uk,42460,2004-06-26 18:27:00.266457600,17
Laquanda,7 Lockhart St,Billesley Ward,B14 5HS,01725-370369,laquanda.kho@yahoo.com,http://www.bayouweldingworksinc.co.uk,48572,1997-12-25 06:41:45.631363199,24
Mohammad,363 Vandries St,Milton Ward,SS0 7TF,01705-240007,mpoitra@yahoo.com,http://www.kenyonwilliamresq.co.uk,42257,2008-01-31 22:45:36.103737600,13
Mozell,8 Gertrude St,Mossley,OL5 0QJ,01348-989703,mozell.westad@westad.co.uk,http://www.foxvisioncenter.co.uk,44541,2003-10-21 07:44:49.705468800,18
Bronwyn,826 Rumney Rd West #7,Dingwall and Seaforth Ward,IV15 9SD,01407-312329,bronwyn.bridgford@yahoo.com,http://www.edgemerefinancecompany.co.uk,43906,2003-12-30 10:31:46.129785600,18
Jeff,954 Madelaine St,Central Ward,SN5 8WG,01593-501965,jeff.brossoit@yahoo.com,http://www.jehconstructionco.co.uk,49512,1996-07-22 07:48:21.926246400,25
Shantay,7602 Brook St #86,Broomhill Ward,NG18 9SZ,01516-850881,shopman@hopman.co.uk,http://www.smithdekayps.co.uk,49372,2005-02-20 00:35:39.595430400,16
Chantay,966 Bower St,Frimley Green Ward,GU16 9BB,01721-910475,chantay_jirsa@jirsa.co.uk,http://www.poseycompany.co.uk,49339,2002-09-22 01:29:22.942780800,19
Keneth,2 Seacombe St,Littleborough Lakeside Ward,OL15 0JP,01919-731224,keneth_stpierrie@hotmail.com,http://www.muellerreproblueprintg.co.uk,44695,1994-10-20 14:06:53.335756799,27
Alton,83 Battenburg St,Girvan and South Carrick Ward,KA26 0DY,01767-568989,alton_rampy@gmail.com,http://www.reliablemetalcraftinc.co.uk,42382,1993-03-18 21:31:09.443452800,28
Patrick,2 Whitefield Rd,Leigh-on-Sea,SS9 2DJ,01842-131065,patrick@hotmail.com,http://www.dworkinmichaell.co.uk,32986,2005-12-06 10:28:00.147993600,16
Theron,869 Luke St,Wonersh,GU5 0QU,01655-809574,theron@merriam.co.uk,http://www.percivalmarkresq.co.uk,49162,2009-03-09 16:06:31.833360000,12
Pilar,4 Ogwen St,Chichester,PO19 9PF,01356-866584,pilar@yahoo.com,http://www.demernormannsmithltd.co.uk,32101,1999-03-02 03:53:40.297516800,22
Lashunda,205 Forge St #4021,Stainburn,LS21 2LS,01422-728149,lashunda@yahoo.com,http://www.kluzaassociates.co.uk,42432,2001-10-27 17:31:38.944271999,20
Verda,999 Upper Harrington St #61,Earlestown Ward,WA12 9WX,01754-426672,vchiphe@chiphe.co.uk,http://www.ardrox.co.uk,37358,2007-02-27 12:31:09.564499200,14
Ashley,3 Greenleaf St #5644,Blyth,NE24 2RY,01951-324927,ashley.tropp@gmail.com,http://www.everythingsadollar.co.uk,35520,1999-02-23 11:23:21.137539200,22
Vesta,493 Wellington Rd,Upper Rawcliffe-with-Tarnacre,PR3 0UH,01772-461124,vhavely@havely.co.uk,http://www.toolservicecompanyinc.co.uk,47976,2009-01-15 09:28:41.756736000,12
Emogene,1257 Stone St,Northwood Ward,HA6 1AN,01681-212638,emogene.ritthaler@yahoo.com,http://www.mcdonaldservicestation.co.uk,44087,2001-07-08 10:30:42.327360000,20
Shayne,1 Bousfield St,Shrewsbury,SY3 8NG,01286-279043,smordhorst@mordhorst.co.uk,http://www.donallenassociatespa.co.uk,44443,2006-06-02 12:35:24.044121600,15
Franchesca,59 Westminster Rd,Empress Ward,GU14 8AY,01748-827176,franchesca@gmail.com,http://www.cappelloabarryesq.co.uk,41671,2008-03-07 00:17:34.660867199,13
Elmira,143 Clark St #802,Halliwell Ward,BL1 2PS,01934-672498,eringlein@gmail.com,http://www.hylandrichardsesq.co.uk,32638,2006-04-25 05:12:30.521347200,15
Destiny,421 Monument Place #44,Hartburn Ward,TS21 1BA,01421-624966,destiny@yahoo.com,http://www.dieselrecon.co.uk,35768,1993-03-10 16:22:10.844371200,28
Gaston,8 Gullett St,West Garioch Ward,AB51 0HT,01651-911453,gaston.szumski@hotmail.com,http://www.redgiantfoodsinc.co.uk,30178,2002-07-31 17:34:04.435823999,19
Ronna,2767 Pembroke St #979,Roundway,SN10 3FQ,01214-651738,ronna_mittler@hotmail.com,http://www.bethesdagazette.co.uk,47548,1997-12-20 23:03:23.916240000,24
Angelica,47 Orry St #8243,Castleford Central and Glassho,WF10 4DW,01472-449327,apoisso@gmail.com,http://www.chemicalconsultants.co.uk,40506,1991-04-04 04:20:23.494531200,30
Casie,5 Noon St,Melton Dorian Ward,LE13 0RG,01289-195823,casie@gmail.com,http://www.wenatcheevalleyfedcrdtun.co.uk,41860,1998-06-25 23:30:40.231324800,23
Magdalene,510 Belvidere Rd,Patching Hall Ward,CM1 4BY,01546-162965,magdalene_cocherell@yahoo.com,http://www.southerninteriorsinc.co.uk,42217,1995-03-05 22:41:56.488761600,26
Erasmo,860 Rokeby St,Sunningdale,SL5 0AZ,01445-796544,egath@hotmail.com,http://www.panoptx.co.uk,49327,2006-12-26 01:46:23.351145600,15
Rosalia,9362 Solomon St #97,Castle Ward,NN8 4DR,01414-349699,rosalia.ziv@ziv.co.uk,http://www.ariasmicheleannmd.co.uk,32863,1990-09-01 07:45:59.173920000,31
Lyda,916 Strand St #4753,Leek,ST13 5AW,01672-538356,lyda.cronholm@cronholm.co.uk,http://www.printshop.co.uk,32769,2009-03-08 07:51:58.976784000,12
Lisandra,5 Bentinck St,Churchill Ward,SW1V 3EW,01831-806301,lisandra_stueber@hotmail.com,http://www.wstuamradiostation.co.uk,47194,1997-02-09 07:47:43.319270400,24
Sabina,954 Birchdale Rd,Aspley Ward,NG8 5PY,01932-112259,sabina.prok@prok.co.uk,http://www.tjwardassociatesinc.co.uk,32681,1997-02-19 02:24:46.766678400,24
Elenore,7 Great Orford St,Callington,PL17 7DT,01470-383444,elenore_gomoran@yahoo.com,http://www.bellservicesystemsinc.co.uk,32345,1990-04-30 07:06:17.908444800,31
Brynn,488 Mulberry St,Ravenshead,NG15 9AE,01963-124789,brynn_capra@yahoo.com,http://www.magicvalleyirrigationsupply.co.uk,35718,1993-09-15 07:22:36.610406400,28
Leeann,1761 Johnstone St,Church Langley Ward,CM17 9TZ,01906-807997,leeann@gmail.com,http://www.fleetwoodareaschooldistrict.co.uk,38892,1998-01-10 14:26:45.272054400,23
Janet,8899 Mere Lane,Midlothian West Ward,EH20 9SJ,01506-627051,janet_steimer@hotmail.com,http://www.alaskastatetroopers.co.uk,43597,2008-08-03 09:40:27.391929600,13
Lewis,6 St Hilda St,Central Ward,S1 1EQ,01954-643657,lewis@yahoo.com,http://www.lastingimpressions.co.uk,31893,1991-12-29 18:52:49.169020800,30
Jestine,2725 Underley St #6452,Grangemouth Ward,FK3 8UB,01257-928278,jestine_driscol@driscol.co.uk,http://www.glassexpress.co.uk,32616,2008-11-28 08:57:07.510867200,13
Tatum,6061 Back Nile St,Rhos-on-Sea Community,LL28 4NL,01567-457572,tparks@parks.co.uk,http://www.quantumconsultantsinc.co.uk,49581,2007-05-24 11:35:48.840633600,14
Kayleigh,9735 Linton St #2284,Kingswells,AB16 7RW,01312-772111,kayleigh.bendle@bendle.co.uk,http://www.jaassociates.co.uk,37686,1999-02-01 02:39:04.764124800,22
Lili,9 Herbert St,Blyth,NE24 3DQ,01600-986258,lili_imondi@hotmail.com,http://www.idehaigneyradio.co.uk,32327,1996-07-14 21:02:21.885993600,25
Sunshine,40 Cairo St,Warwick,CV34 5LQ,01416-686933,sunshine.senechal@hotmail.com,http://www.dalegeorgefesq.co.uk,31203,1994-08-28 10:17:11.775523200,27
Remona,7199 St Clare Rd,Inverclyde South Ward,PA16 7BT,01718-274321,remona.heier@heier.co.uk,http://www.macinsuranceagency.co.uk,48003,2002-04-17 06:41:58.172928000,19
Gail,6 Conyers St #3346,Hamilton South Ward,ML3 7TE,01292-196869,gcarris@hotmail.com,http://www.audreymborlandstudios.co.uk,32643,1990-08-30 15:25:52.203647999,31
Dong,8657 Cedar St #2,Kinross-shire Ward,KY13 8EQ,01573-788734,doropeza@hotmail.com,http://www.mayotimothylesq.co.uk,36784,1990-04-25 00:25:47.151753600,31
Larue,8 Jacob St,Daybrook Ward,NG5 6JB,01577-443040,larue@yahoo.com,http://www.hollettbyronpesq.co.uk,43503,1998-07-30 18:45:25.796620800,23
Goldie,6174 Botanic Pl,Ravensthorpe Ward,PE3 7BJ,01867-720033,gsonkens@sonkens.co.uk,http://www.verinuproductscorp.co.uk,32750,1991-05-13 08:22:49.537257600,30
Shelia,9730 Dunnet St,Silloth-on-Solway,CA7 4RB,01818-260618,shelia@gmail.com,http://www.schensanfordemd.co.uk,43708,1995-01-15 16:20:26.314886400,26
Narcisa,8783 High St,Milton,CB24 6ZR,01724-644767,naraiza@hotmail.com,http://www.dankabusinesssystems.co.uk,30761,1994-06-04 19:14:22.345555200,27
Evelynn,8 Breckfield Road North,Seaham,SR7 0AZ,01289-621482,evelynn.frede@gmail.com,http://www.hasselbergmichaelresq.co.uk,47299,1995-01-24 19:33:24.019689600,26
Arlean,82 Waterhouse Lane,Llantrisant Community,CF72 8LB,01448-395723,acalaf@yahoo.com,http://www.edminiatinc.co.uk,31661,1992-08-15 11:44:54.463977600,29
Tamra,2 Park Rd Walton #4338,Lansdown Ward,GL50 2LF,01891-816938,tamra.yu@hotmail.com,http://www.daviscommercialcontracting.co.uk,44310,1990-03-29 22:28:46.083936000,31
Dusti,59 Charles St,Victoria Ward,TN23 4GF,01642-202972,dusti@gmail.com,http://www.gartonjeffreypesq.co.uk,47590,1992-04-23 17:28:42.951014399,29
Aracelis,593 Kinglake St,Fowlmere,SG8 7TP,01924-111018,aracelis.donham@hotmail.com,http://www.smtothbaldridgevanbelkum.co.uk,43076,2002-05-16 14:48:09.446400000,19
Filiberto,404 Aigburth St #4246,Audley Ward,BB1 2AA,01559-323337,filiberto_fredrikson@gmail.com,http://www.westoaksglass.co.uk,33078,2009-06-27 21:58:52.969353600,12
Leana,690 Copenhagen Rd,Warham,NR23 1NJ,01248-325090,lstackpole@yahoo.com,http://www.directtoolsfasteners.co.uk,47021,2009-10-23 11:03:14.233305600,12
Man,7 Canton St,Mildmay Ward,N1 4RF,01590-219449,man.homer@gmail.com,http://www.appliedrobotictechinc.co.uk,45131,1998-03-08 13:10:52.676774400,23
Lennie,79 Pine St,Radcliffe West Ward,M26 1GH,01585-487560,lennie_asley@gmail.com,http://www.airtechstreamlining.co.uk,38271,1993-04-05 13:04:51.170534400,28
Arletta,9 Lodwick St,City and Hunslet Ward,LS1 8HZ,01255-805722,arletta_naomi@naomi.co.uk,http://www.ezaksco.co.uk,37026,2002-10-11 19:02:29.701248000,19
Chana,9 Ogwen St,Murdostoun Ward,ML2 8LW,01477-796750,chana.perera@hotmail.com,http://www.oldencameralenscoinc.co.uk,44937,1999-10-23 04:06:02.466864000,22
Nell,1730 Seymour St,Eastbrook Ward,BN41 1QH,01308-582144,npao@gmail.com,http://www.madausgeraldfjr.co.uk,49491,2009-10-16 15:04:04.757375999,12
Antonio,35 Elton St #3,Ipplepen,TQ12 5LL,01324-171614,antonio.heilig@gmail.com,http://www.radissonsuitehotel.co.uk,41650,1991-04-23 02:42:03.235766400,30
Gerald,8 Hinton St #8241,Stowting,TN25 6BQ,01504-620944,gerald_kernagis@kernagis.co.uk,http://www.digitalsolutionsinc.co.uk,39506,2005-09-01 07:27:33.666134400,16
Sueann,751 Stamford St,Werrington,ST9 0AH,01886-226100,smandril@hotmail.com,http://www.elhispanicnews.co.uk,42127,1995-10-09 00:56:46.017945600,26
Alayna,70 Royal St,Banchory and Mid Deeside Ward,AB31 4AH,01964-720542,alayna_hoyal@hotmail.com,http://www.southbldgcodecongres.co.uk,33517,1994-10-30 19:18:23.467305600,27
Talia,5 Minerva St,Westbury,BA13 3QR,01711-170147,talia.marthe@gmail.com,http://www.kenneymfgco.co.uk,44947,2003-04-03 06:12:05.726995200,18
Pansy,1 Northampton St,Madeley,TF7 4GA,01674-842315,pansy@kopan.co.uk,http://www.oncorinc.co.uk,43031,1994-12-03 17:42:11.192601600,27
Royce,2 Maple Grove,Kincorth,AB12 5EJ,01972-770618,royce@hotmail.com,http://www.bestwesterncaprockinn.co.uk,44750,2003-04-27 18:24:03.993436799,18
Cherelle,794 Hook St,Benwell and Scotswood Ward,NE15 7JA,01753-327307,cherelle_sorrel@gmail.com,http://www.wiltgennancyaesq.co.uk,30140,2000-05-07 10:56:40.705152000,21
Dudley,91 Ludlow St,Woodhouse Ward,N12 0EF,01997-409950,dudley_dibartolo@yahoo.com,http://www.mcknighthvincentjr.co.uk,48633,1998-06-26 09:27:34.517836800,23
Nettie,51 Freehold St #224,Wheatley Ward,DN2 4PP,01388-974910,nettie.aldaco@yahoo.com,http://www.millersearlfitch.co.uk,42057,2001-02-04 13:10:44.838912000,20
Carline,7 Hey Green Rd #4,Rothwell Ward,LS26 8XE,01885-707109,carline@yahoo.com,http://www.brennerstevengesq.co.uk,37177,1995-09-29 04:45:42.151651200,26
Shanda,2476 Marsh St,Markhouse Ward,E17 8NP,01329-303595,slunger@gmail.com,http://www.westernpackingco.co.uk,48002,2004-02-19 05:38:07.068192000,17
Emilio,597 Threlfall St #72,Stokenham,TQ7 2HS,01523-697097,emilio_withers@yahoo.com,http://www.ardentstudiosinc.co.uk,35464,1998-04-19 22:39:46.427126400,23
Lovetta,1 Jervis St,High Barnet Ward,EN5 4LH,01593-438141,lovetta@study.co.uk,http://www.bortonpetriniconron.co.uk,42715,1997-03-19 03:30:02.728223999,24
Felice,7602 Grantham St,Hexham,NE46 1QQ,01691-816025,felice.gone@hotmail.com,http://www.afsuplcodivautomtcfiring.co.uk,49751,2006-07-30 04:01:04.893081600,15
Stefania,10 Carisbrooke St,Shorne,DA12 3ED,01706-546951,stefania_leadbeater@hotmail.com,http://www.murraywhisnantarchitects.co.uk,40395,2008-07-02 19:23:53.554272000,13
Margarita,78 Pine Grove,Stannington Ward,S6 5HE,01215-422453,margarita_orloski@yahoo.com,http://www.shops.co.uk,48469,1990-12-03 03:06:21.312835199,31
Paul,7 Varthen St,Town Ward,DA1 2DL,01407-775572,paul.farrin@farrin.co.uk,http://www.deringjameseesq.co.uk,35632,1994-08-27 13:44:50.750649600,27
Anglea,8 Thomaston St,Astley Bridge Ward,BL1 8RG,01818-292728,anglea_tritten@hotmail.com,http://www.waltonscarsongardens.co.uk,32975,1996-12-21 06:46:49.167523200,25
Ona,527 Harding St,Market Rasen,LN8 3AD,01467-554624,ona@yahoo.com,http://www.cohenandfrommpc.co.uk,40254,2006-04-21 03:28:56.491305600,15
Germaine,1616 Menzies St #453,Tadworth and Walton Ward,KT20 7PA,01366-388506,ghascall@hotmail.com,http://www.prgcompany.co.uk,34186,2009-09-18 00:00:31.999276800,12
Vicky,3922 Leda St,Moreton Morrell,CV35 9BX,01625-805645,vschellenberge@hotmail.com,http://www.medlabenvironmentaltestinc.co.uk,33399,2009-05-20 07:22:28.501420800,12
Carolann,6352 Grosvenor St,Wombourne,WV5 0LP,01470-609953,carolann@gross.co.uk,http://www.leemcompanyinc.co.uk,37361,2008-02-07 13:15:45.727603200,13
Rusty,4313 Princes Park Terrace,Launceston,PL15 9QN,01467-172590,rusty.adelsperger@yahoo.com,http://www.clarkejameshesq.co.uk,37604,1995-12-07 15:21:42.269011200,26
Cassandra,9 Sydney Place,Henllan Community,LL16 5AF,01903-614855,cbludworth@yahoo.com,http://www.lykesbrosinc.co.uk,33802,2009-11-04 15:13:10.074950400,12
Teresita,2015 Suburban Rd,Springfield Ward,N16 6TD,01914-501391,teresita_gesell@hotmail.com,http://www.masoninsuranceagencyinc.co.uk,49496,1994-12-28 06:18:27.644371200,27
Evangelina,769 Euston St,Glastonbury,BA6 8EY,01563-997671,evangelina.gius@yahoo.com,http://www.jtpaintingcorp.co.uk,36223,1992-02-13 18:00:31.758048000,29
Marlon,46 Stevenson St,West End Ward,DD1 5EF,01919-394681,mtromblay@yahoo.com,http://www.solomonmetalsinc.co.uk,48986,2009-01-08 15:50:04.678454400,12
Quiana,1400 Ash St,Thorpe Hamlet Ward,NR1 4HS,01446-936944,quiana_scarsella@hotmail.com,http://www.lookinggood.co.uk,39893,1994-09-02 08:50:28.589279999,27
Viki,8822 Trafalgar St,Yalding,ME18 6JE,01721-747819,vhumeniuk@gmail.com,http://www.guldstrandengineeringinc.co.uk,30176,2003-10-19 10:43:36.018451200,18
Domitila,28 Berwick St,Moordown Ward,BH9 1TT,01606-833878,domitila@gmail.com,http://www.ciociajamesaesq.co.uk,36958,1991-03-03 08:26:14.672716800,30
Ivan,94 Regent St,Over Kellet,LA6 1DB,01478-392232,ivan@gmail.com,http://www.centerforpediatrics.co.uk,39150,2004-08-13 13:27:22.598640000,17
Anabel,30 Marine Parade #1,Staina Ward,FY5 4FN,01994-675650,anabel_baldock@hotmail.com,http://www.williamagepperttruevalue.co.uk,43203,2007-08-21 20:20:56.081270400,14
Carlton,8 Pim Hill St,Portobello,EH15 2HW,01437-681317,carlton@blyler.co.uk,http://www.hardwarespecialtycoinc.co.uk,37900,1995-06-14 10:10:29.994873600,26
Rashida,8451 Bengel St,Brixham,TQ5 9JW,01286-317691,rashida@hotmail.com,http://www.creativeconsultants.co.uk,35138,1997-08-01 09:21:08.588908800,24
Sherron,159 Carlton St,Windle Ward,WA10 6QG,01481-744296,sherron@knodel.co.uk,http://www.fhkcorp.co.uk,30893,1997-06-27 14:35:23.885635200,24
Cora,38 Raffles St,Newmarket,CB8 8QE,01285-381062,cora@yahoo.com,http://www.regisbrdproengrsland.co.uk,41167,2004-12-23 15:31:41.628403200,17
Altha,650 Goring St,Rainham South Ward,ME8 9PN,01373-594236,altha@hotmail.com,http://www.malepowerltd.co.uk,41820,1994-10-04 10:04:23.288736000,27
Dortha,6 Chestnut St,Gwersyllt Community,LL11 4RJ,01528-240870,dortha@hotmail.com,http://www.atcpowersystems.co.uk,40015,1993-06-09 13:24:35.277868800,28
Diego,4 Peover St,Walcot Ward,BA1 6EF,01275-397587,diego.augle@gmail.com,http://www.farmerselectriccoopinc.co.uk,31622,1998-12-27 12:35:41.451043200,23
Peggy,328 Pallas St,Longford Ward,M32 8LJ,01619-237602,peggy.khov@gmail.com,http://www.goldbergstephenmesq.co.uk,44074,1996-02-03 10:42:30.323433600,25
Walton,9 Waltham Rd,Yealmpton,PL8 2NS,01872-808403,wyuki@gmail.com,http://www.bestwstrnhostmtrhtlpalm.co.uk,33739,2006-10-15 02:46:38.831980800,15
Vallie,352 Strathmore Rd,Shiphay-with-the-Willows Ward,TQ2 7JB,01251-120872,vyafaie@hotmail.com,http://www.microlan.co.uk,46557,1994-10-03 22:36:09.867168000,27
Tony,529 Llanrwst St,Southam,GL52 8TW,01765-102036,tony@gmail.com,http://www.dillingharrisinc.co.uk,38377,2000-01-19 10:58:37.322428800,21
Val,1980 Tynemouth St,Almond Ward,EH52 5PY,01375-870188,val@yahoo.com,http://www.horizonairmagazine.co.uk,35674,2008-11-08 12:22:43.339555200,13
Mel,8598 Rumney Rd,Hylands Ward,RM11 1QL,01885-270480,mel.picciuto@gmail.com,http://www.avantelimited.co.uk,31214,2002-09-06 23:41:32.327980800,19
Isabella,9283 Ruth St #81,Dormers Wells Ward,UB1 2FH,01979-186995,isabella_piatkowski@piatkowski.co.uk,http://www.millerwilliameiii.co.uk,38691,2007-05-08 09:59:36.641097600,14
Erasmo,5544 Sutherland St,Mortehoe,EX34 7DQ,01507-386397,erasmo_rhea@hotmail.com,http://www.martinmorrissey.co.uk,34206,2008-10-22 04:07:39.972806400,13
Ivory,9 Jackson St,Parr Ward,WA9 3QW,01876-642683,ivory@hotmail.com,http://www.autobodycolor.co.uk,41184,2005-01-07 02:06:50.193388800,16
Nikita,3612 Bixteth St,Hucknall North Ward,NG15 8DD,01282-123434,nwalka@hotmail.com,http://www.fredanthonyesq.co.uk,41024,2003-12-30 02:17:21.696172800,18
Aleta,4545 Victoria Rd,Kilbirnie and Beith Ward,KA15 1AT,01952-535977,aleta_ligons@hotmail.com,http://www.advantagebookkeeping.co.uk,40089,2009-05-12 22:57:15.518304000,12
Owen,5 Hampden St,Liscard Ward,CH45 4RN,01467-142439,owen_jentzen@jentzen.co.uk,http://www.capitalfastenersinc.co.uk,41532,2009-11-22 02:12:43.415942400,12
Pauline,6452 Pilgrim St #5,Seven Sisters Ward,N15 6TH,01990-476494,pfling@fling.co.uk,http://www.cumberlandvacuumproducts.co.uk,44287,1999-01-15 00:13:16.053744000,22
Tijuana,1149 Highfield Rd #996,Fareham South Ward,PO14 9JJ,01242-532395,tijuana.machalek@gmail.com,http://www.schwartzthomaseesq.co.uk,37551,1991-06-02 18:35:25.389369600,30
Ahmad,21 Pickwick St,Sutton cum Duckmanton,S44 5DS,01567-555570,ahmad.alsaqri@yahoo.com,http://www.allianceconstructioncoinc.co.uk,33687,1995-11-10 03:40:35.936025600,26
Jamika,19 Soho St,Whitley Ward,RG1 9XH,01726-595316,jamika_conoly@conoly.co.uk,http://www.kellerraymondc.co.uk,49758,1993-01-18 02:29:00.650832000,28
Derrick,236 Blantyre Rd,Everton Ward,L6 2EN,01982-734773,derrick_dolloff@gmail.com,http://www.prototekmanufacturing.co.uk,42533,1998-05-09 03:43:51.248064000,23
Jacquelyne,70 Lilly Rd,Shirley Ward,CR0 7PT,01846-581451,jacquelyne_reibman@yahoo.com,http://www.greatclipsforhair.co.uk,45376,1992-08-17 04:47:45.642566400,29
Zachary,58 Gloucester Rd,Holbrook,DE56 0TX,01888-641397,zachary.freeburger@freeburger.co.uk,http://www.countrykitchen.co.uk,32592,2002-01-31 16:25:56.021692800,19
Sophia,88 Upper Harrington St,North East Ward,G69 8EL,01504-539114,sophia.gaucher@hotmail.com,http://www.tcesystemsinc.co.uk,43482,1997-08-28 19:05:46.769884800,24
Isabelle,4920 Fazakerley Rd,Plymstock Dunstone Ward,PL9 8RD,01552-682601,isabelle.kono@yahoo.com,http://www.rockspringspetroleumequip.co.uk,41465,2007-11-29 16:32:32.980704000,14
Ronnie,6 Morley St,Batchwood Ward,AL3 5JN,01943-754681,ronnie@brigman.co.uk,http://www.howardjohnson.co.uk,40986,2009-05-11 16:59:20.154624000,12
Krystina,7316 Friar St,Salvington Ward,BN13 3FL,01441-846477,kschlabaugh@schlabaugh.co.uk,http://www.harrisoldsmobileinc.co.uk,35909,2000-12-09 12:59:10.313980800,21
Rosita,8 Heathfield St #657,Hailsham,BN27 1AJ,01273-236188,rausdemore@hotmail.com,http://www.jurdemscottesq.co.uk,34489,1995-07-01 20:39:50.525539200,26
Huey,275 Peel Sq,Park Ward,DN32 0PT,01502-139578,hstancil@hotmail.com,http://www.lindnerfunds.co.uk,46292,2001-11-05 20:03:01.970553600,20
Elbert,726 Westmoreland Place,Ballochmyle Ward,KA5 6EL,01724-467889,elbert@hotmail.com,http://www.donaldgnelsonesq.co.uk,46535,2007-12-09 17:41:18.699763200,14
Pura,7 Water St,Priory Heath Ward,IP3 9RB,01853-412588,pura.manciel@yahoo.com,http://www.ciainspection.co.uk,33403,1998-02-19 14:15:06.452006400,23
Alesia,4 Covent Garden,Farnworth Ward,BL4 7AF,01333-436799,alesia_katie@gmail.com,http://www.nelsonstrmtpestcntrlco.co.uk,35252,2001-01-16 11:36:48.053836800,20
Avery,9166 Devon St #905,Knightsbridge and Belgravia Wa,SW1W 8JY,01748-625058,avery@veit.co.uk,http://www.plazagourmetdelicatessen.co.uk,42239,1995-06-08 16:40:58.379318400,26
Reid,70 Foster St,Inverness Ness-Side Ward,IV2 6WT,01916-963261,reuresti@euresti.co.uk,http://www.fitzgeraldedwardj.co.uk,42640,1999-02-10 11:23:56.188204800,22
Charlette,714 Fonthill Rd,Darton West Ward,S75 5EJ,01888-152110,cbrenning@brenning.co.uk,http://www.fureyassociates.co.uk,44982,1998-01-13 22:03:29.331331200,23
Celestina,9 Milton St,Consett North ED,DH8 5LP,01877-379681,celestina_keeny@gmail.com,http://www.bfgfederalcreditunion.co.uk,32827,1994-12-20 21:48:38.237414400,27
Mi,6 Norwood Grove,Tanworth-in-Arden,B94 5RZ,01451-785624,mi@hotmail.com,http://www.nelsonwrighthaworthgolfcrs.co.uk,41266,2000-02-13 20:38:06.739699200,21
